<?xml version="1.0"?>
<VTKFile type="UnstructuredGrid" version="0.1" byte_order="LittleEndian" header_type="UInt32" compressor="vtkZLibDataCompressor">
  <UnstructuredGrid>
    <Piece NumberOfPoints="706" NumberOfCells="1408">
      <PointData Scalars="RGBA" Normals="Normals">
        <DataArray type="Float32" Name="Normals" NumberOfComponents="3" format="ascii" RangeMin="0.9999999743556135" RangeMax="1.0000000756218383">
          0 0 1 0 0 -1
          0.13616666 0 0.990686 0.2697968 0 0.9629173
          0.39840108 0 0.9172113 0.51958394 0 0.8544194
          0.63108796 0 0.7757113 0.730836 0 0.6825532
          0.81696993 0 0.57668036 0.8878852 0 0.46006504
          0.9422609 0 0.3348796 0.9790841 0 0.20345601
          0.9976688 0 0.06824242 0.9976688 0 -0.06824242
          0.9790841 0 -0.20345601 0.9422609 0 -0.3348796
          0.8878852 0 -0.46006504 0.81696993 0 -0.57668036
          0.730836 0 -0.6825532 0.63108796 0 -0.7757113
          0.51958394 0 -0.8544194 0.39840108 0 -0.9172113
          0.2697968 0 -0.9629173 0.13616666 0 -0.990686
          0.13355026 0.026564797 0.990686 0.2646127 0.05263474 0.96291727
          0.39074594 0.077724196 0.9172113 0.5096003 0.1013658 0.8544194
          0.61896175 0.12311915 0.7757113 0.7167932 0.14257902 0.6825532
          0.8012721 0.15938294 0.57668036 0.87082475 0.17321782 0.46006504
          0.92415565 0.18382598 0.3348796 0.96027124 0.19100983 0.20345601
          0.9784989 0.19463554 0.06824242 0.9784989 0.19463554 -0.06824242
          0.96027124 0.19100983 -0.20345601 0.92415565 0.18382598 -0.3348796
          0.87082475 0.17321782 -0.46006504 0.8012721 0.15938294 -0.57668036
          0.7167932 0.14257902 -0.6825532 0.61896175 0.12311915 -0.7757113
          0.5096003 0.1013658 -0.8544194 0.39074594 0.077724196 -0.9172113
          0.2646127 0.05263474 -0.96291727 0.13355026 0.026564797 -0.990686
          0.1258016 0.052108724 0.990686 0.24925973 0.10324676 0.9629173
          0.36807463 0.1524615 0.9172113 0.48003298 0.19883616 0.8544194
          0.58304924 0.2415069 0.7757113 0.6752044 0.27967882 0.6825532
          0.7547818 0.31264085 0.5766803 0.82029897 0.33977896 0.46006504
          0.87053555 0.36058766 0.3348796 0.90455574 0.37467927 0.20345601
          0.92172575 0.38179132 0.068242416 0.92172575 0.38179132 -0.068242416
          0.90455574 0.37467927 -0.20345601 0.87053555 0.36058766 -0.3348796
          0.82029897 0.33977896 -0.46006504 0.7547818 0.31264085 -0.5766803
          0.6752044 0.27967882 -0.6825532 0.58304924 0.2415069 -0.7757113
          0.48003298 0.19883616 -0.8544194 0.36807463 0.1524615 -0.9172113
          0.24925973 0.10324676 -0.9629173 0.1258016 0.052108724 -0.990686
          0.11321844 0.07565015 0.990686 0.22432783 0.14989106 0.9629173
          0.3312584 0.22133979 0.9172113 0.43201828 0.28866538 0.8544194
          0.52473044 0.35061368 0.7757113 0.6076679 0.4060307 0.6825532
          0.67928565 0.45388415 0.5766803 0.7382496 0.4932826 0.46006504
          0.78346133 0.5234921 0.3348796 0.8140787 0.54394996 0.20345601
          0.82953125 0.5542751 0.068242416 0.82953125 0.5542751 -0.068242416
          0.8140787 0.54394996 -0.20345601 0.78346133 0.5234921 -0.3348796
          0.7382496 0.4932826 -0.46006504 0.67928565 0.45388415 -0.5766803
          0.6076679 0.4060307 -0.6825532 0.52473044 0.35061368 -0.7757113
          0.43201828 0.28866538 -0.8544194 0.3312584 0.22133979 -0.9172113
          0.22432783 0.14989106 -0.9629173 0.11321844 0.07565015 -0.990686
          0.09628437 0.09628437 0.990686 0.19077514 0.19077514 0.9629173
          0.2817121 0.2817121 0.9172113 0.36740136 0.36740136 0.85441947
          0.44624656 0.44624656 0.7757113 0.51677907 0.51677907 0.6825532
          0.57768494 0.57768494 0.5766803 0.6278297 0.6278297 0.46006504
          0.66627914 0.66627914 0.33487964 0.692317 0.692317 0.20345601
          0.70545834 0.70545834 0.068242416 0.70545834 0.70545834 -0.068242416
          0.692317 0.692317 -0.20345601 0.66627914 0.66627914 -0.33487964
          0.6278297 0.6278297 -0.46006504 0.57768494 0.57768494 -0.5766803
          0.51677907 0.51677907 -0.6825532 0.44624656 0.44624656 -0.7757113
          0.36740136 0.36740136 -0.85441947 0.2817121 0.2817121 -0.9172113
          0.19077514 0.19077514 -0.9629173 0.09628437 0.09628437 -0.990686
          0.07565015 0.11321844 0.990686 0.14989106 0.22432783 0.9629173
          0.22133979 0.3312584 0.9172113 0.28866538 0.43201828 0.8544194
          0.35061368 0.52473044 0.7757113 0.4060307 0.6076679 0.6825532
          0.45388415 0.67928565 0.5766803 0.4932826 0.7382496 0.46006504
          0.5234921 0.78346133 0.3348796 0.54394996 0.8140787 0.20345601
          0.5542751 0.82953125 0.068242416 0.5542751 0.82953125 -0.068242416
          0.54394996 0.8140787 -0.20345601 0.5234921 0.78346133 -0.3348796
          0.4932826 0.7382496 -0.46006504 0.45388415 0.67928565 -0.5766803
          0.4060307 0.6076679 -0.6825532 0.35061368 0.52473044 -0.7757113
          0.28866538 0.43201828 -0.8544194 0.22133979 0.3312584 -0.9172113
          0.14989106 0.22432783 -0.9629173 0.07565015 0.11321844 -0.990686
          0.052108724 0.1258016 0.990686 0.10324676 0.24925973 0.9629173
          0.1524615 0.36807463 0.9172113 0.19883616 0.48003298 0.8544194
          0.2415069 0.58304924 0.7757113 0.27967882 0.6752044 0.6825532
          0.31264085 0.7547818 0.5766803 0.33977896 0.82029897 0.46006504
          0.36058766 0.87053555 0.3348796 0.37467927 0.90455574 0.20345601
          0.38179132 0.92172575 0.068242416 0.38179132 0.92172575 -0.068242416
          0.37467927 0.90455574 -0.20345601 0.36058766 0.87053555 -0.3348796
          0.33977896 0.82029897 -0.46006504 0.31264085 0.7547818 -0.5766803
          0.27967882 0.6752044 -0.6825532 0.2415069 0.58304924 -0.7757113
          0.19883616 0.48003298 -0.8544194 0.1524615 0.36807463 -0.9172113
          0.10324676 0.24925973 -0.9629173 0.052108724 0.1258016 -0.990686
          0.026564797 0.13355026 0.990686 0.05263474 0.2646127 0.96291727
          0.077724196 0.39074594 0.9172113 0.1013658 0.5096003 0.8544194
          0.12311915 0.61896175 0.7757113 0.14257902 0.7167932 0.6825532
          0.15938294 0.8012721 0.57668036 0.17321782 0.87082475 0.46006504
          0.18382598 0.92415565 0.3348796 0.19100983 0.96027124 0.20345601
          0.19463554 0.9784989 0.06824242 0.19463554 0.9784989 -0.06824242
          0.19100983 0.96027124 -0.20345601 0.18382598 0.92415565 -0.3348796
          0.17321782 0.87082475 -0.46006504 0.15938294 0.8012721 -0.57668036
          0.14257902 0.7167932 -0.6825532 0.12311915 0.61896175 -0.7757113
          0.1013658 0.5096003 -0.8544194 0.077724196 0.39074594 -0.9172113
          0.05263474 0.2646127 -0.96291727 0.026564797 0.13355026 -0.990686
          8.3378036e-18 0.13616666 0.990686 1.6520289e-17 0.2697968 0.9629173
          2.439503e-17 0.39840108 0.9172113 3.1815342e-17 0.51958394 0.8544194
          3.8642993e-17 0.63108796 0.7757113 4.4750795e-17 0.730836 0.6825532
          5.0024982e-17 0.81696993 0.57668036 5.436729e-17 0.8878852 0.46006504
          5.769684e-17 0.9422609 0.3348796 5.995161e-17 0.9790841 0.20345601
          6.10896e-17 0.9976688 0.06824242 6.10896e-17 0.9976688 -0.06824242
          5.995161e-17 0.9790841 -0.20345601 5.769684e-17 0.9422609 -0.3348796
          5.436729e-17 0.8878852 -0.46006504 5.0024982e-17 0.81696993 -0.57668036
          4.4750795e-17 0.730836 -0.6825532 3.8642993e-17 0.63108796 -0.7757113
          3.1815342e-17 0.51958394 -0.8544194 2.439503e-17 0.39840108 -0.9172113
          1.6520289e-17 0.2697968 -0.9629173 8.3378036e-18 0.13616666 -0.990686
          -0.026564797 0.13355026 0.990686 -0.05263474 0.2646127 0.96291727
          -0.077724196 0.39074594 0.9172113 -0.1013658 0.5096003 0.8544194
          -0.12311915 0.61896175 0.7757113 -0.14257902 0.7167932 0.6825532
          -0.15938294 0.8012721 0.57668036 -0.17321782 0.87082475 0.46006504
          -0.18382598 0.92415565 0.3348796 -0.19100983 0.96027124 0.20345601
          -0.19463554 0.9784989 0.06824242 -0.19463554 0.9784989 -0.06824242
          -0.19100983 0.96027124 -0.20345601 -0.18382598 0.92415565 -0.3348796
          -0.17321782 0.87082475 -0.46006504 -0.15938294 0.8012721 -0.57668036
          -0.14257902 0.7167932 -0.6825532 -0.12311915 0.61896175 -0.7757113
          -0.1013658 0.5096003 -0.8544194 -0.077724196 0.39074594 -0.9172113
          -0.05263474 0.2646127 -0.96291727 -0.026564797 0.13355026 -0.990686
          -0.052108724 0.1258016 0.990686 -0.10324676 0.24925973 0.9629173
          -0.1524615 0.36807463 0.9172113 -0.19883616 0.48003298 0.8544194
          -0.2415069 0.58304924 0.7757113 -0.27967882 0.6752044 0.6825532
          -0.31264085 0.7547818 0.5766803 -0.33977896 0.82029897 0.46006504
          -0.36058766 0.87053555 0.3348796 -0.37467927 0.90455574 0.20345601
          -0.38179132 0.92172575 0.068242416 -0.38179132 0.92172575 -0.068242416
          -0.37467927 0.90455574 -0.20345601 -0.36058766 0.87053555 -0.3348796
          -0.33977896 0.82029897 -0.46006504 -0.31264085 0.7547818 -0.5766803
          -0.27967882 0.6752044 -0.6825532 -0.2415069 0.58304924 -0.7757113
          -0.19883616 0.48003298 -0.8544194 -0.1524615 0.36807463 -0.9172113
          -0.10324676 0.24925973 -0.9629173 -0.052108724 0.1258016 -0.990686
          -0.07565015 0.11321844 0.990686 -0.14989106 0.22432783 0.9629173
          -0.22133979 0.3312584 0.9172113 -0.28866538 0.43201828 0.8544194
          -0.35061368 0.52473044 0.7757113 -0.4060307 0.6076679 0.6825532
          -0.45388415 0.67928565 0.5766803 -0.4932826 0.7382496 0.46006504
          -0.5234921 0.78346133 0.3348796 -0.54394996 0.8140787 0.20345601
          -0.5542751 0.82953125 0.068242416 -0.5542751 0.82953125 -0.068242416
          -0.54394996 0.8140787 -0.20345601 -0.5234921 0.78346133 -0.3348796
          -0.4932826 0.7382496 -0.46006504 -0.45388415 0.67928565 -0.5766803
          -0.4060307 0.6076679 -0.6825532 -0.35061368 0.52473044 -0.7757113
          -0.28866538 0.43201828 -0.8544194 -0.22133979 0.3312584 -0.9172113
          -0.14989106 0.22432783 -0.9629173 -0.07565015 0.11321844 -0.990686
          -0.09628437 0.09628437 0.990686 -0.19077514 0.19077514 0.9629173
          -0.2817121 0.2817121 0.9172113 -0.36740136 0.36740136 0.85441947
          -0.44624656 0.44624656 0.7757113 -0.51677907 0.51677907 0.6825532
          -0.57768494 0.57768494 0.5766803 -0.6278297 0.6278297 0.46006504
          -0.66627914 0.66627914 0.33487964 -0.692317 0.692317 0.20345601
          -0.70545834 0.70545834 0.068242416 -0.70545834 0.70545834 -0.068242416
          -0.692317 0.692317 -0.20345601 -0.66627914 0.66627914 -0.33487964
          -0.6278297 0.6278297 -0.46006504 -0.57768494 0.57768494 -0.5766803
          -0.51677907 0.51677907 -0.6825532 -0.44624656 0.44624656 -0.7757113
          -0.36740136 0.36740136 -0.85441947 -0.2817121 0.2817121 -0.9172113
          -0.19077514 0.19077514 -0.9629173 -0.09628437 0.09628437 -0.990686
          -0.11321844 0.07565015 0.990686 -0.22432783 0.14989106 0.9629173
          -0.3312584 0.22133979 0.9172113 -0.43201828 0.28866538 0.8544194
          -0.52473044 0.35061368 0.7757113 -0.6076679 0.4060307 0.6825532
          -0.67928565 0.45388415 0.5766803 -0.7382496 0.4932826 0.46006504
          -0.78346133 0.5234921 0.3348796 -0.8140787 0.54394996 0.20345601
          -0.82953125 0.5542751 0.068242416 -0.82953125 0.5542751 -0.068242416
          -0.8140787 0.54394996 -0.20345601 -0.78346133 0.5234921 -0.3348796
          -0.7382496 0.4932826 -0.46006504 -0.67928565 0.45388415 -0.5766803
          -0.6076679 0.4060307 -0.6825532 -0.52473044 0.35061368 -0.7757113
          -0.43201828 0.28866538 -0.8544194 -0.3312584 0.22133979 -0.9172113
          -0.22432783 0.14989106 -0.9629173 -0.11321844 0.07565015 -0.990686
          -0.1258016 0.052108724 0.990686 -0.24925973 0.10324676 0.9629173
          -0.36807463 0.1524615 0.9172113 -0.48003298 0.19883616 0.8544194
          -0.58304924 0.2415069 0.7757113 -0.6752044 0.27967882 0.6825532
          -0.7547818 0.31264085 0.5766803 -0.82029897 0.33977896 0.46006504
          -0.87053555 0.36058766 0.3348796 -0.90455574 0.37467927 0.20345601
          -0.92172575 0.38179132 0.068242416 -0.92172575 0.38179132 -0.068242416
          -0.90455574 0.37467927 -0.20345601 -0.87053555 0.36058766 -0.3348796
          -0.82029897 0.33977896 -0.46006504 -0.7547818 0.31264085 -0.5766803
          -0.6752044 0.27967882 -0.6825532 -0.58304924 0.2415069 -0.7757113
          -0.48003298 0.19883616 -0.8544194 -0.36807463 0.1524615 -0.9172113
          -0.24925973 0.10324676 -0.9629173 -0.1258016 0.052108724 -0.990686
          -0.13355026 0.026564797 0.990686 -0.2646127 0.05263474 0.96291727
          -0.39074594 0.077724196 0.9172113 -0.5096003 0.1013658 0.8544194
          -0.61896175 0.12311915 0.7757113 -0.7167932 0.14257902 0.6825532
          -0.8012721 0.15938294 0.57668036 -0.87082475 0.17321782 0.46006504
          -0.92415565 0.18382598 0.3348796 -0.96027124 0.19100983 0.20345601
          -0.9784989 0.19463554 0.06824242 -0.9784989 0.19463554 -0.06824242
          -0.96027124 0.19100983 -0.20345601 -0.92415565 0.18382598 -0.3348796
          -0.87082475 0.17321782 -0.46006504 -0.8012721 0.15938294 -0.57668036
          -0.7167932 0.14257902 -0.6825532 -0.61896175 0.12311915 -0.7757113
          -0.5096003 0.1013658 -0.8544194 -0.39074594 0.077724196 -0.9172113
          -0.2646127 0.05263474 -0.96291727 -0.13355026 0.026564797 -0.990686
          -0.13616666 1.6675607e-17 0.990686 -0.2697968 3.3040578e-17 0.9629173
          -0.39840108 4.879006e-17 0.9172113 -0.51958394 6.3630683e-17 0.8544194
          -0.63108796 7.7285986e-17 0.7757113 -0.730836 8.950159e-17 0.6825532
          -0.81696993 1.00049963e-16 0.57668036 -0.8878852 1.0873458e-16 0.46006504
          -0.9422609 1.1539368e-16 0.3348796 -0.9790841 1.1990322e-16 0.20345601
          -0.9976688 1.221792e-16 0.06824242 -0.9976688 1.221792e-16 -0.06824242
          -0.9790841 1.1990322e-16 -0.20345601 -0.9422609 1.1539368e-16 -0.3348796
          -0.8878852 1.0873458e-16 -0.46006504 -0.81696993 1.00049963e-16 -0.57668036
          -0.730836 8.950159e-17 -0.6825532 -0.63108796 7.7285986e-17 -0.7757113
          -0.51958394 6.3630683e-17 -0.8544194 -0.39840108 4.879006e-17 -0.9172113
          -0.2697968 3.3040578e-17 -0.9629173 -0.13616666 1.6675607e-17 -0.990686
          -0.13355026 -0.026564797 0.990686 -0.2646127 -0.05263474 0.96291727
          -0.39074594 -0.077724196 0.9172113 -0.5096003 -0.1013658 0.8544194
          -0.61896175 -0.12311915 0.7757113 -0.7167932 -0.14257902 0.6825532
          -0.8012721 -0.15938294 0.57668036 -0.87082475 -0.17321782 0.46006504
          -0.92415565 -0.18382598 0.3348796 -0.96027124 -0.19100983 0.20345601
          -0.9784989 -0.19463554 0.06824242 -0.9784989 -0.19463554 -0.06824242
          -0.96027124 -0.19100983 -0.20345601 -0.92415565 -0.18382598 -0.3348796
          -0.87082475 -0.17321782 -0.46006504 -0.8012721 -0.15938294 -0.57668036
          -0.7167932 -0.14257902 -0.6825532 -0.61896175 -0.12311915 -0.7757113
          -0.5096003 -0.1013658 -0.8544194 -0.39074594 -0.077724196 -0.9172113
          -0.2646127 -0.05263474 -0.96291727 -0.13355026 -0.026564797 -0.990686
          -0.1258016 -0.052108724 0.990686 -0.24925973 -0.10324676 0.9629173
          -0.36807463 -0.1524615 0.9172113 -0.48003298 -0.19883616 0.8544194
          -0.58304924 -0.2415069 0.7757113 -0.6752044 -0.27967882 0.6825532
          -0.7547818 -0.31264085 0.5766803 -0.82029897 -0.33977896 0.46006504
          -0.87053555 -0.36058766 0.3348796 -0.90455574 -0.37467927 0.20345601
          -0.92172575 -0.38179132 0.068242416 -0.92172575 -0.38179132 -0.068242416
          -0.90455574 -0.37467927 -0.20345601 -0.87053555 -0.36058766 -0.3348796
          -0.82029897 -0.33977896 -0.46006504 -0.7547818 -0.31264085 -0.5766803
          -0.6752044 -0.27967882 -0.6825532 -0.58304924 -0.2415069 -0.7757113
          -0.48003298 -0.19883616 -0.8544194 -0.36807463 -0.1524615 -0.9172113
          -0.24925973 -0.10324676 -0.9629173 -0.1258016 -0.052108724 -0.990686
          -0.11321844 -0.07565015 0.990686 -0.22432783 -0.14989106 0.9629173
          -0.3312584 -0.22133979 0.9172113 -0.43201828 -0.28866538 0.8544194
          -0.52473044 -0.35061368 0.7757113 -0.6076679 -0.4060307 0.6825532
          -0.67928565 -0.45388415 0.5766803 -0.7382496 -0.4932826 0.46006504
          -0.78346133 -0.5234921 0.3348796 -0.8140787 -0.54394996 0.20345601
          -0.82953125 -0.5542751 0.068242416 -0.82953125 -0.5542751 -0.068242416
          -0.8140787 -0.54394996 -0.20345601 -0.78346133 -0.5234921 -0.3348796
          -0.7382496 -0.4932826 -0.46006504 -0.67928565 -0.45388415 -0.5766803
          -0.6076679 -0.4060307 -0.6825532 -0.52473044 -0.35061368 -0.7757113
          -0.43201828 -0.28866538 -0.8544194 -0.3312584 -0.22133979 -0.9172113
          -0.22432783 -0.14989106 -0.9629173 -0.11321844 -0.07565015 -0.990686
          -0.09628437 -0.09628437 0.990686 -0.19077514 -0.19077514 0.9629173
          -0.2817121 -0.2817121 0.9172113 -0.36740136 -0.36740136 0.85441947
          -0.44624656 -0.44624656 0.7757113 -0.51677907 -0.51677907 0.6825532
          -0.57768494 -0.57768494 0.5766803 -0.6278297 -0.6278297 0.46006504
          -0.66627914 -0.66627914 0.33487964 -0.692317 -0.692317 0.20345601
          -0.70545834 -0.70545834 0.068242416 -0.70545834 -0.70545834 -0.068242416
          -0.692317 -0.692317 -0.20345601 -0.66627914 -0.66627914 -0.33487964
          -0.6278297 -0.6278297 -0.46006504 -0.57768494 -0.57768494 -0.5766803
          -0.51677907 -0.51677907 -0.6825532 -0.44624656 -0.44624656 -0.7757113
          -0.36740136 -0.36740136 -0.85441947 -0.2817121 -0.2817121 -0.9172113
          -0.19077514 -0.19077514 -0.9629173 -0.09628437 -0.09628437 -0.990686
          -0.07565015 -0.11321844 0.990686 -0.14989106 -0.22432783 0.9629173
          -0.22133979 -0.3312584 0.9172113 -0.28866538 -0.43201828 0.8544194
          -0.35061368 -0.52473044 0.7757113 -0.4060307 -0.6076679 0.6825532
          -0.45388415 -0.67928565 0.5766803 -0.4932826 -0.7382496 0.46006504
          -0.5234921 -0.78346133 0.3348796 -0.54394996 -0.8140787 0.20345601
          -0.5542751 -0.82953125 0.068242416 -0.5542751 -0.82953125 -0.068242416
          -0.54394996 -0.8140787 -0.20345601 -0.5234921 -0.78346133 -0.3348796
          -0.4932826 -0.7382496 -0.46006504 -0.45388415 -0.67928565 -0.5766803
          -0.4060307 -0.6076679 -0.6825532 -0.35061368 -0.52473044 -0.7757113
          -0.28866538 -0.43201828 -0.8544194 -0.22133979 -0.3312584 -0.9172113
          -0.14989106 -0.22432783 -0.9629173 -0.07565015 -0.11321844 -0.990686
          -0.052108724 -0.1258016 0.990686 -0.10324676 -0.24925973 0.9629173
          -0.1524615 -0.36807463 0.9172113 -0.19883616 -0.48003298 0.8544194
          -0.2415069 -0.58304924 0.7757113 -0.27967882 -0.6752044 0.6825532
          -0.31264085 -0.7547818 0.5766803 -0.33977896 -0.82029897 0.46006504
          -0.36058766 -0.87053555 0.3348796 -0.37467927 -0.90455574 0.20345601
          -0.38179132 -0.92172575 0.068242416 -0.38179132 -0.92172575 -0.068242416
          -0.37467927 -0.90455574 -0.20345601 -0.36058766 -0.87053555 -0.3348796
          -0.33977896 -0.82029897 -0.46006504 -0.31264085 -0.7547818 -0.5766803
          -0.27967882 -0.6752044 -0.6825532 -0.2415069 -0.58304924 -0.7757113
          -0.19883616 -0.48003298 -0.8544194 -0.1524615 -0.36807463 -0.9172113
          -0.10324676 -0.24925973 -0.9629173 -0.052108724 -0.1258016 -0.990686
          -0.026564797 -0.13355026 0.990686 -0.05263474 -0.2646127 0.96291727
          -0.077724196 -0.39074594 0.9172113 -0.1013658 -0.5096003 0.8544194
          -0.12311915 -0.61896175 0.7757113 -0.14257902 -0.7167932 0.6825532
          -0.15938294 -0.8012721 0.57668036 -0.17321782 -0.87082475 0.46006504
          -0.18382598 -0.92415565 0.3348796 -0.19100983 -0.96027124 0.20345601
          -0.19463554 -0.9784989 0.06824242 -0.19463554 -0.9784989 -0.06824242
          -0.19100983 -0.96027124 -0.20345601 -0.18382598 -0.92415565 -0.3348796
          -0.17321782 -0.87082475 -0.46006504 -0.15938294 -0.8012721 -0.57668036
          -0.14257902 -0.7167932 -0.6825532 -0.12311915 -0.61896175 -0.7757113
          -0.1013658 -0.5096003 -0.8544194 -0.077724196 -0.39074594 -0.9172113
          -0.05263474 -0.2646127 -0.96291727 -0.026564797 -0.13355026 -0.990686
          -2.5013409e-17 -0.13616666 0.990686 -4.9560867e-17 -0.2697968 0.9629173
          -7.3185096e-17 -0.39840108 0.9172113 -9.544602e-17 -0.51958394 0.8544194
          -1.1592898e-16 -0.63108796 0.7757113 -1.3425239e-16 -0.730836 0.6825532
          -1.5007494e-16 -0.81696993 0.57668036 -1.6310187e-16 -0.8878852 0.46006504
          -1.7309052e-16 -0.9422609 0.3348796 -1.7985483e-16 -0.9790841 0.20345601
          -1.8326879e-16 -0.9976688 0.06824242 -1.8326879e-16 -0.9976688 -0.06824242
          -1.7985483e-16 -0.9790841 -0.20345601 -1.7309052e-16 -0.9422609 -0.3348796
          -1.6310187e-16 -0.8878852 -0.46006504 -1.5007494e-16 -0.81696993 -0.57668036
          -1.3425239e-16 -0.730836 -0.6825532 -1.1592898e-16 -0.63108796 -0.7757113
          -9.544602e-17 -0.51958394 -0.8544194 -7.3185096e-17 -0.39840108 -0.9172113
          -4.9560867e-17 -0.2697968 -0.9629173 -2.5013409e-17 -0.13616666 -0.990686
          0.026564797 -0.13355026 0.990686 0.05263474 -0.2646127 0.96291727
          0.077724196 -0.39074594 0.9172113 0.1013658 -0.5096003 0.8544194
          0.12311915 -0.61896175 0.7757113 0.14257902 -0.7167932 0.6825532
          0.15938294 -0.8012721 0.57668036 0.17321782 -0.87082475 0.46006504
          0.18382598 -0.92415565 0.3348796 0.19100983 -0.96027124 0.20345601
          0.19463554 -0.9784989 0.06824242 0.19463554 -0.9784989 -0.06824242
          0.19100983 -0.96027124 -0.20345601 0.18382598 -0.92415565 -0.3348796
          0.17321782 -0.87082475 -0.46006504 0.15938294 -0.8012721 -0.57668036
          0.14257902 -0.7167932 -0.6825532 0.12311915 -0.61896175 -0.7757113
          0.1013658 -0.5096003 -0.8544194 0.077724196 -0.39074594 -0.9172113
          0.05263474 -0.2646127 -0.96291727 0.026564797 -0.13355026 -0.990686
          0.052108724 -0.1258016 0.990686 0.10324676 -0.24925973 0.9629173
          0.1524615 -0.36807463 0.9172113 0.19883616 -0.48003298 0.8544194
          0.2415069 -0.58304924 0.7757113 0.27967882 -0.6752044 0.6825532
          0.31264085 -0.7547818 0.5766803 0.33977896 -0.82029897 0.46006504
          0.36058766 -0.87053555 0.3348796 0.37467927 -0.90455574 0.20345601
          0.38179132 -0.92172575 0.068242416 0.38179132 -0.92172575 -0.068242416
          0.37467927 -0.90455574 -0.20345601 0.36058766 -0.87053555 -0.3348796
          0.33977896 -0.82029897 -0.46006504 0.31264085 -0.7547818 -0.5766803
          0.27967882 -0.6752044 -0.6825532 0.2415069 -0.58304924 -0.7757113
          0.19883616 -0.48003298 -0.8544194 0.1524615 -0.36807463 -0.9172113
          0.10324676 -0.24925973 -0.9629173 0.052108724 -0.1258016 -0.990686
          0.07565015 -0.11321844 0.990686 0.14989106 -0.22432783 0.9629173
          0.22133979 -0.3312584 0.9172113 0.28866538 -0.43201828 0.8544194
          0.35061368 -0.52473044 0.7757113 0.4060307 -0.6076679 0.6825532
          0.45388415 -0.67928565 0.5766803 0.4932826 -0.7382496 0.46006504
          0.5234921 -0.78346133 0.3348796 0.54394996 -0.8140787 0.20345601
          0.5542751 -0.82953125 0.068242416 0.5542751 -0.82953125 -0.068242416
          0.54394996 -0.8140787 -0.20345601 0.5234921 -0.78346133 -0.3348796
          0.4932826 -0.7382496 -0.46006504 0.45388415 -0.67928565 -0.5766803
          0.4060307 -0.6076679 -0.6825532 0.35061368 -0.52473044 -0.7757113
          0.28866538 -0.43201828 -0.8544194 0.22133979 -0.3312584 -0.9172113
          0.14989106 -0.22432783 -0.9629173 0.07565015 -0.11321844 -0.990686
          0.09628437 -0.09628437 0.990686 0.19077514 -0.19077514 0.9629173
          0.2817121 -0.2817121 0.9172113 0.36740136 -0.36740136 0.85441947
          0.44624656 -0.44624656 0.7757113 0.51677907 -0.51677907 0.6825532
          0.57768494 -0.57768494 0.5766803 0.6278297 -0.6278297 0.46006504
          0.66627914 -0.66627914 0.33487964 0.692317 -0.692317 0.20345601
          0.70545834 -0.70545834 0.068242416 0.70545834 -0.70545834 -0.068242416
          0.692317 -0.692317 -0.20345601 0.66627914 -0.66627914 -0.33487964
          0.6278297 -0.6278297 -0.46006504 0.57768494 -0.57768494 -0.5766803
          0.51677907 -0.51677907 -0.6825532 0.44624656 -0.44624656 -0.7757113
          0.36740136 -0.36740136 -0.85441947 0.2817121 -0.2817121 -0.9172113
          0.19077514 -0.19077514 -0.9629173 0.09628437 -0.09628437 -0.990686
          0.11321844 -0.07565015 0.990686 0.22432783 -0.14989106 0.9629173
          0.3312584 -0.22133979 0.9172113 0.43201828 -0.28866538 0.8544194
          0.52473044 -0.35061368 0.7757113 0.6076679 -0.4060307 0.6825532
          0.67928565 -0.45388415 0.5766803 0.7382496 -0.4932826 0.46006504
          0.78346133 -0.5234921 0.3348796 0.8140787 -0.54394996 0.20345601
          0.82953125 -0.5542751 0.068242416 0.82953125 -0.5542751 -0.068242416
          0.8140787 -0.54394996 -0.20345601 0.78346133 -0.5234921 -0.3348796
          0.7382496 -0.4932826 -0.46006504 0.67928565 -0.45388415 -0.5766803
          0.6076679 -0.4060307 -0.6825532 0.52473044 -0.35061368 -0.7757113
          0.43201828 -0.28866538 -0.8544194 0.3312584 -0.22133979 -0.9172113
          0.22432783 -0.14989106 -0.9629173 0.11321844 -0.07565015 -0.990686
          0.1258016 -0.052108724 0.990686 0.24925973 -0.10324676 0.9629173
          0.36807463 -0.1524615 0.9172113 0.48003298 -0.19883616 0.8544194
          0.58304924 -0.2415069 0.7757113 0.6752044 -0.27967882 0.6825532
          0.7547818 -0.31264085 0.5766803 0.82029897 -0.33977896 0.46006504
          0.87053555 -0.36058766 0.3348796 0.90455574 -0.37467927 0.20345601
          0.92172575 -0.38179132 0.068242416 0.92172575 -0.38179132 -0.068242416
          0.90455574 -0.37467927 -0.20345601 0.87053555 -0.36058766 -0.3348796
          0.82029897 -0.33977896 -0.46006504 0.7547818 -0.31264085 -0.5766803
          0.6752044 -0.27967882 -0.6825532 0.58304924 -0.2415069 -0.7757113
          0.48003298 -0.19883616 -0.8544194 0.36807463 -0.1524615 -0.9172113
          0.24925973 -0.10324676 -0.9629173 0.1258016 -0.052108724 -0.990686
          0.13355026 -0.026564797 0.990686 0.2646127 -0.05263474 0.96291727
          0.39074594 -0.077724196 0.9172113 0.5096003 -0.1013658 0.8544194
          0.61896175 -0.12311915 0.7757113 0.7167932 -0.14257902 0.6825532
          0.8012721 -0.15938294 0.57668036 0.87082475 -0.17321782 0.46006504
          0.92415565 -0.18382598 0.3348796 0.96027124 -0.19100983 0.20345601
          0.9784989 -0.19463554 0.06824242 0.9784989 -0.19463554 -0.06824242
          0.96027124 -0.19100983 -0.20345601 0.92415565 -0.18382598 -0.3348796
          0.87082475 -0.17321782 -0.46006504 0.8012721 -0.15938294 -0.57668036
          0.7167932 -0.14257902 -0.6825532 0.61896175 -0.12311915 -0.7757113
          0.5096003 -0.1013658 -0.8544194 0.39074594 -0.077724196 -0.9172113
          0.2646127 -0.05263474 -0.96291727 0.13355026 -0.026564797 -0.990686
          <InformationKey name="L2_NORM_RANGE" location="vtkDataArray" length="2">
            <Value index="0">
              0.99999997436
            </Value>
            <Value index="1">
              1.0000000756
            </Value>
          </InformationKey>
        </DataArray>
        <DataArray type="UInt8" Name="RGBA" NumberOfComponents="4" format="ascii" RangeMin="301.20092961343926" RangeMax="371.86153336961326">
          230 140 85 210 40 140
          235 210 229 151 85 210
          226 162 87 210 222 173
          91 210 216 184 95 210
          208 193 101 210 199 202
          108 210 189 209 116 210
          178 215 125 210 166 220
          134 210 154 223 144 210
          141 224 154 210 128 224
          165 210 115 223 175 210
          103 220 185 210 91 215
          194 210 80 209 203 210
          70 202 211 210 61 193
          218 210 53 184 224 210
          47 173 228 210 43 162
          232 210 40 151 234 210
          229 151 85 210 226 162
          87 210 222 173 91 210
          216 183 95 210 208 192
          101 210 199 200 108 210
          189 208 116 210 178 214
          125 210 166 218 134 210
          154 221 144 210 141 223
          154 210 128 223 165 210
          115 221 175 210 103 218
          185 210 91 214 194 210
          80 208 203 210 70 200
          211 210 61 192 218 210
          53 183 224 210 47 173
          228 210 43 162 232 210
          40 151 234 210 229 150
          85 210 226 161 87 210
          222 171 91 210 216 180
          95 210 208 189 101 210
          199 197 108 210 189 204
          116 210 178 209 125 210
          166 213 134 210 154 216
          144 210 141 218 154 210
          128 218 165 210 115 216
          175 210 103 213 185 210
          91 209 194 210 80 204
          203 210 70 197 211 210
          61 189 218 210 53 180
          224 210 47 171 228 210
          43 161 232 210 40 150
          234 210 229 149 85 210
          226 159 87 210 222 168
          91 210 216 176 95 210
          208 184 101 210 199 191
          108 210 189 197 116 210
          178 202 125 210 166 206
          134 210 154 209 144 210
          141 210 154 210 128 210
          165 210 115 209 175 210
          103 206 185 210 91 202
          194 210 80 197 203 210
          70 191 211 210 61 184
          218 210 53 176 224 210
          47 168 228 210 43 159
          232 210 40 149 234 210
          229 148 85 210 226 156
          87 210 222 163 91 210
          216 171 95 210 208 177
          101 210 199 183 108 210
          189 189 116 210 178 193
          125 210 166 196 134 210
          154 198 144 210 141 199
          154 210 128 199 165 210
          115 198 175 210 103 196
          185 210 91 193 194 210
          80 189 203 210 70 183
          211 210 61 177 218 210
          53 171 224 210 47 163
          228 210 43 156 232 210
          40 148 234 210 229 146
          85 210 226 152 87 210
          222 158 91 210 216 164
          95 210 208 169 101 210
          199 174 108 210 189 178
          116 210 178 181 125 210
          166 184 134 210 154 186
          144 210 141 187 154 210
          128 187 165 210 115 186
          175 210 103 184 185 210
          91 181 194 210 80 178
          203 210 70 174 211 210
          61 169 218 210 53 164
          224 210 47 158 228 210
          43 152 232 210 40 146
          234 210 229 144 85 210
          226 148 87 210 222 152
          91 210 216 156 95 210
          208 160 101 210 199 163
          108 210 189 166 116 210
          178 168 125 210 166 170
          134 210 154 171 144 210
          141 172 154 210 128 172
          165 210 115 171 175 210
          103 170 185 210 91 168
          194 210 80 166 203 210
          70 163 211 210 61 160
          218 210 53 156 224 210
          47 152 228 210 43 148
          232 210 40 144 234 210
          229 142 85 210 226 144
          87 210 222 146 91 210
          216 148 95 210 208 150
          101 210 199 152 108 210
          189 153 116 210 178 154
          125 210 166 155 134 210
          154 156 144 210 141 156
          154 210 128 156 165 210
          115 156 175 210 103 155
          185 210 91 154 194 210
          80 153 203 210 70 152
          211 210 61 150 218 210
          53 148 224 210 47 146
          228 210 43 144 232 210
          40 142 234 210 229 140
          85 210 226 140 87 210
          222 140 91 210 216 140
          95 210 208 140 101 210
          199 140 108 210 189 140
          116 210 178 140 125 210
          166 140 134 210 154 140
          144 210 141 140 154 210
          128 140 165 210 115 140
          175 210 103 140 185 210
          91 140 194 210 80 140
          203 210 70 140 211 210
          61 140 218 210 53 140
          224 210 47 140 228 210
          43 140 232 210 40 140
          234 210 229 137 85 210
          226 135 87 210 222 133
          91 210 216 131 95 210
          208 129 101 210 199 127
          108 210 189 126 116 210
          178 125 125 210 166 124
          134 210 154 123 144 210
          141 123 154 210 128 123
          165 210 115 123 175 210
          103 124 185 210 91 125
          194 210 80 126 203 210
          70 127 211 210 61 129
          218 210 53 131 224 210
          47 133 228 210 43 135
          232 210 40 137 234 210
          229 135 85 210 226 131
          87 210 222 127 91 210
          216 123 95 210 208 119
          101 210 199 116 108 210
          189 113 116 210 178 111
          125 210 166 109 134 210
          154 108 144 210 141 107
          154 210 128 107 165 210
          115 108 175 210 103 109
          185 210 91 111 194 210
          80 113 203 210 70 116
          211 210 61 119 218 210
          53 123 224 210 47 127
          228 210 43 131 232 210
          40 135 234 210 229 133
          85 210 226 127 87 210
          222 121 91 210 216 115
          95 210 208 110 101 210
          199 105 108 210 189 101
          116 210 178 98 125 210
          166 95 134 210 154 93
          144 210 141 92 154 210
          128 92 165 210 115 93
          175 210 103 95 185 210
          91 98 194 210 80 101
          203 210 70 105 211 210
          61 110 218 210 53 115
          224 210 47 121 228 210
          43 127 232 210 40 133
          234 210 229 131 85 210
          226 123 87 210 222 116
          91 210 216 108 95 210
          208 102 101 210 199 96
          108 210 189 90 116 210
          178 86 125 210 166 83
          134 210 154 81 144 210
          141 80 154 210 128 80
          165 210 115 81 175 210
          103 83 185 210 91 86
          194 210 80 90 203 210
          70 96 211 210 61 102
          218 210 53 108 224 210
          47 116 228 210 43 123
          232 210 40 131 234 210
          229 130 85 210 226 120
          87 210 222 111 91 210
          216 103 95 210 208 95
          101 210 199 88 108 210
          189 82 116 210 178 77
          125 210 166 73 134 210
          154 70 144 210 141 69
          154 210 128 69 165 210
          115 70 175 210 103 73
          185 210 91 77 194 210
          80 82 203 210 70 88
          211 210 61 95 218 210
          53 103 224 210 47 111
          228 210 43 120 232 210
          40 130 234 210 229 129
          85 210 226 118 87 210
          222 108 91 210 216 99
          95 210 208 90 101 210
          199 82 108 210 189 75
          116 210 178 70 125 210
          166 66 134 210 154 63
          144 210 141 61 154 210
          128 61 165 210 115 63
          175 210 103 66 185 210
          91 70 194 210 80 75
          203 210 70 82 211 210
          61 90 218 210 53 99
          224 210 47 108 228 210
          43 118 232 210 40 129
          234 210 229 128 85 210
          226 117 87 210 222 106
          91 210 216 96 95 210
          208 87 101 210 199 79
          108 210 189 71 116 210
          178 65 125 210 166 61
          134 210 154 58 144 210
          141 56 154 210 128 56
          165 210 115 58 175 210
          103 61 185 210 91 65
          194 210 80 71 203 210
          70 79 211 210 61 87
          218 210 53 96 224 210
          47 106 228 210 43 117
          232 210 40 128 234 210
          229 128 85 210 226 117
          87 210 222 106 91 210
          216 95 95 210 208 86
          101 210 199 77 108 210
          189 70 116 210 178 64
          125 210 166 59 134 210
          154 56 144 210 141 55
          154 210 128 55 165 210
          115 56 175 210 103 59
          185 210 91 64 194 210
          80 70 203 210 70 77
          211 210 61 86 218 210
          53 95 224 210 47 106
          228 210 43 117 232 210
          40 128 234 210 229 128
          85 210 226 117 87 210
          222 106 91 210 216 96
          95 210 208 87 101 210
          199 79 108 210 189 71
          116 210 178 65 125 210
          166 61 134 210 154 58
          144 210 141 56 154 210
          128 56 165 210 115 58
          175 210 103 61 185 210
          91 65 194 210 80 71
          203 210 70 79 211 210
          61 87 218 210 53 96
          224 210 47 106 228 210
          43 117 232 210 40 128
          234 210 229 129 85 210
          226 118 87 210 222 108
          91 210 216 99 95 210
          208 90 101 210 199 82
          108 210 189 75 116 210
          178 70 125 210 166 66
          134 210 154 63 144 210
          141 61 154 210 128 61
          165 210 115 63 175 210
          103 66 185 210 91 70
          194 210 80 75 203 210
          70 82 211 210 61 90
          218 210 53 99 224 210
          47 108 228 210 43 118
          232 210 40 129 234 210
          229 130 85 210 226 120
          87 210 222 111 91 210
          216 103 95 210 208 95
          101 210 199 88 108 210
          189 82 116 210 178 77
          125 210 166 73 134 210
          154 70 144 210 141 69
          154 210 128 69 165 210
          115 70 175 210 103 73
          185 210 91 77 194 210
          80 82 203 210 70 88
          211 210 61 95 218 210
          53 103 224 210 47 111
          228 210 43 120 232 210
          40 130 234 210 229 131
          85 210 226 123 87 210
          222 116 91 210 216 108
          95 210 208 102 101 210
          199 96 108 210 189 90
          116 210 178 86 125 210
          166 83 134 210 154 81
          144 210 141 80 154 210
          128 80 165 210 115 81
          175 210 103 83 185 210
          91 86 194 210 80 90
          203 210 70 96 211 210
          61 102 218 210 53 108
          224 210 47 116 228 210
          43 123 232 210 40 131
          234 210 229 133 85 210
          226 127 87 210 222 121
          91 210 216 115 95 210
          208 110 101 210 199 105
          108 210 189 101 116 210
          178 98 125 210 166 95
          134 210 154 93 144 210
          141 92 154 210 128 92
          165 210 115 93 175 210
          103 95 185 210 91 98
          194 210 80 101 203 210
          70 105 211 210 61 110
          218 210 53 115 224 210
          47 121 228 210 43 127
          232 210 40 133 234 210
          229 135 85 210 226 131
          87 210 222 127 91 210
          216 123 95 210 208 119
          101 210 199 116 108 210
          189 113 116 210 178 111
          125 210 166 109 134 210
          154 108 144 210 141 107
          154 210 128 107 165 210
          115 108 175 210 103 109
          185 210 91 111 194 210
          80 113 203 210 70 116
          211 210 61 119 218 210
          53 123 224 210 47 127
          228 210 43 131 232 210
          40 135 234 210 229 137
          85 210 226 135 87 210
          222 133 91 210 216 131
          95 210 208 129 101 210
          199 127 108 210 189 126
          116 210 178 125 125 210
          166 124 134 210 154 123
          144 210 141 123 154 210
          128 123 165 210 115 123
          175 210 103 124 185 210
          91 125 194 210 80 126
          203 210 70 127 211 210
          61 129 218 210 53 131
          224 210 47 133 228 210
          43 135 232 210 40 137
          234 210 229 140 85 210
          226 140 87 210 222 140
          91 210 216 140 95 210
          208 140 101 210 199 140
          108 210 189 140 116 210
          178 140 125 210 166 140
          134 210 154 140 144 210
          141 140 154 210 128 140
          165 210 115 140 175 210
          103 140 185 210 91 140
          194 210 80 140 203 210
          70 140 211 210 61 140
          218 210 53 140 224 210
          47 140 228 210 43 140
          232 210 40 140 234 210
          229 142 85 210 226 144
          87 210 222 146 91 210
          216 148 95 210 208 150
          101 210 199 152 108 210
          189 153 116 210 178 154
          125 210 166 155 134 210
          154 156 144 210 141 156
          154 210 128 156 165 210
          115 156 175 210 103 155
          185 210 91 154 194 210
          80 153 203 210 70 152
          211 210 61 150 218 210
          53 148 224 210 47 146
          228 210 43 144 232 210
          40 142 234 210 229 144
          85 210 226 148 87 210
          222 152 91 210 216 156
          95 210 208 160 101 210
          199 163 108 210 189 166
          116 210 178 168 125 210
          166 170 134 210 154 171
          144 210 141 172 154 210
          128 172 165 210 115 171
          175 210 103 170 185 210
          91 168 194 210 80 166
          203 210 70 163 211 210
          61 160 218 210 53 156
          224 210 47 152 228 210
          43 148 232 210 40 144
          234 210 229 146 85 210
          226 152 87 210 222 158
          91 210 216 164 95 210
          208 169 101 210 199 174
          108 210 189 178 116 210
          178 181 125 210 166 184
          134 210 154 186 144 210
          141 187 154 210 128 187
          165 210 115 186 175 210
          103 184 185 210 91 181
          194 210 80 178 203 210
          70 174 211 210 61 169
          218 210 53 164 224 210
          47 158 228 210 43 152
          232 210 40 146 234 210
          229 148 85 210 226 156
          87 210 222 163 91 210
          216 171 95 210 208 177
          101 210 199 183 108 210
          189 189 116 210 178 193
          125 210 166 196 134 210
          154 198 144 210 141 199
          154 210 128 199 165 210
          115 198 175 210 103 196
          185 210 91 193 194 210
          80 189 203 210 70 183
          211 210 61 177 218 210
          53 171 224 210 47 163
          228 210 43 156 232 210
          40 148 234 210 229 149
          85 210 226 159 87 210
          222 168 91 210 216 176
          95 210 208 184 101 210
          199 191 108 210 189 197
          116 210 178 202 125 210
          166 206 134 210 154 209
          144 210 141 210 154 210
          128 210 165 210 115 209
          175 210 103 206 185 210
          91 202 194 210 80 197
          203 210 70 191 211 210
          61 184 218 210 53 176
          224 210 47 168 228 210
          43 159 232 210 40 149
          234 210 229 150 85 210
          226 161 87 210 222 171
          91 210 216 180 95 210
          208 189 101 210 199 197
          108 210 189 204 116 210
          178 209 125 210 166 213
          134 210 154 216 144 210
          141 218 154 210 128 218
          165 210 115 216 175 210
          103 213 185 210 91 209
          194 210 80 204 203 210
          70 197 211 210 61 189
          218 210 53 180 224 210
          47 171 228 210 43 161
          232 210 40 150 234 210
          229 151 85 210 226 162
          87 210 222 173 91 210
          216 183 95 210 208 192
          101 210 199 200 108 210
          189 208 116 210 178 214
          125 210 166 218 134 210
          154 221 144 210 141 223
          154 210 128 223 165 210
          115 221 175 210 103 218
          185 210 91 214 194 210
          80 208 203 210 70 200
          211 210 61 192 218 210
          53 183 224 210 47 173
          228 210 43 162 232 210
          40 151 234 210
          <InformationKey name="L2_NORM_RANGE" location="vtkDataArray" length="2">
            <Value index="0">
              301.20092961
            </Value>
            <Value index="1">
              371.86153337
            </Value>
          </InformationKey>
        </DataArray>
        <DataArray type="Float64" Name="Temperature" format="ascii" RangeMin="0" RangeMax="85">
          85 0 84.60415649414062 83.42398834228516 81.48147583007812 78.81282806396484
          75.46772766113281 71.50850677490234 67.0089111328125 62.052764892578125 56.732383728027344 51.146881103515625
          45.40030288696289 39.59969711303711 33.853118896484375 28.267616271972656 22.947237014770508 17.991086959838867
          13.49149227142334 9.532270431518555 6.187173843383789 3.5185203552246094 1.5760135650634766 0.3958473205566406
          84.60415649414062 83.42398834228516 81.48147583007812 78.81282806396484 75.46772766113281 71.50850677490234
          67.0089111328125 62.052764892578125 56.732383728027344 51.146881103515625 45.40030288696289 39.59969711303711
          33.853118896484375 28.267616271972656 22.947237014770508 17.991086959838867 13.49149227142334 9.532270431518555
          6.187173843383789 3.5185203552246094 1.5760135650634766 0.3958473205566406 84.60415649414062 83.42398834228516
          81.48147583007812 78.81282806396484 75.46772766113281 71.50850677490234 67.0089111328125 62.052764892578125
          56.732383728027344 51.146881103515625 45.40030288696289 39.59969711303711 33.853118896484375 28.267616271972656
          22.947237014770508 17.991086959838867 13.49149227142334 9.532270431518555 6.187173843383789 3.5185203552246094
          1.5760135650634766 0.3958473205566406 84.60415649414062 83.42398834228516 81.48147583007812 78.81282806396484
          75.46772766113281 71.50850677490234 67.0089111328125 62.052764892578125 56.732383728027344 51.146881103515625
          45.40030288696289 39.59969711303711 33.853118896484375 28.267616271972656 22.947237014770508 17.991086959838867
          13.49149227142334 9.532270431518555 6.187173843383789 3.5185203552246094 1.5760135650634766 0.3958473205566406
          84.60415649414062 83.42398834228516 81.48147583007812 78.81282806396484 75.46772766113281 71.50850677490234
          67.0089111328125 62.052764892578125 56.732383728027344 51.146881103515625 45.40030288696289 39.59969711303711
          33.853118896484375 28.267616271972656 22.947237014770508 17.991086959838867 13.49149227142334 9.532270431518555
          6.187173843383789 3.5185203552246094 1.5760135650634766 0.3958473205566406 84.60415649414062 83.42398834228516
          81.48147583007812 78.81282806396484 75.46772766113281 71.50850677490234 67.0089111328125 62.052764892578125
          56.732383728027344 51.146881103515625 45.40030288696289 39.59969711303711 33.853118896484375 28.267616271972656
          22.947237014770508 17.991086959838867 13.49149227142334 9.532270431518555 6.187173843383789 3.5185203552246094
          1.5760135650634766 0.3958473205566406 84.60415649414062 83.42398834228516 81.48147583007812 78.81282806396484
          75.46772766113281 71.50850677490234 67.0089111328125 62.052764892578125 56.732383728027344 51.146881103515625
          45.40030288696289 39.59969711303711 33.853118896484375 28.267616271972656 22.947237014770508 17.991086959838867
          13.49149227142334 9.532270431518555 6.187173843383789 3.5185203552246094 1.5760135650634766 0.3958473205566406
          84.60415649414062 83.42398834228516 81.48147583007812 78.81282806396484 75.46772766113281 71.50850677490234
          67.0089111328125 62.052764892578125 56.732383728027344 51.146881103515625 45.40030288696289 39.59969711303711
          33.853118896484375 28.267616271972656 22.947237014770508 17.991086959838867 13.49149227142334 9.532270431518555
          6.187173843383789 3.5185203552246094 1.5760135650634766 0.3958473205566406 84.60415649414062 83.42398834228516
          81.48147583007812 78.81282806396484 75.46772766113281 71.50850677490234 67.0089111328125 62.052764892578125
          56.732383728027344 51.146881103515625 45.40030288696289 39.59969711303711 33.853118896484375 28.267616271972656
          22.947237014770508 17.991086959838867 13.49149227142334 9.532270431518555 6.187173843383789 3.5185203552246094
          1.5760135650634766 0.3958473205566406 84.60415649414062 83.42398834228516 81.48147583007812 78.81282806396484
          75.46772766113281 71.50850677490234 67.0089111328125 62.052764892578125 56.732383728027344 51.146881103515625
          45.40030288696289 39.59969711303711 33.853118896484375 28.267616271972656 22.947237014770508 17.991086959838867
          13.49149227142334 9.532270431518555 6.187173843383789 3.5185203552246094 1.5760135650634766 0.3958473205566406
          84.60415649414062 83.42398834228516 81.48147583007812 78.81282806396484 75.46772766113281 71.50850677490234
          67.0089111328125 62.052764892578125 56.732383728027344 51.146881103515625 45.40030288696289 39.59969711303711
          33.853118896484375 28.267616271972656 22.947237014770508 17.991086959838867 13.49149227142334 9.532270431518555
          6.187173843383789 3.5185203552246094 1.5760135650634766 0.3958473205566406 84.60415649414062 83.42398834228516
          81.48147583007812 78.81282806396484 75.46772766113281 71.50850677490234 67.0089111328125 62.052764892578125
          56.732383728027344 51.146881103515625 45.40030288696289 39.59969711303711 33.853118896484375 28.267616271972656
          22.947237014770508 17.991086959838867 13.49149227142334 9.532270431518555 6.187173843383789 3.5185203552246094
          1.5760135650634766 0.3958473205566406 84.60415649414062 83.42398834228516 81.48147583007812 78.81282806396484
          75.46772766113281 71.50850677490234 67.0089111328125 62.052764892578125 56.732383728027344 51.146881103515625
          45.40030288696289 39.59969711303711 33.853118896484375 28.267616271972656 22.947237014770508 17.991086959838867
          13.49149227142334 9.532270431518555 6.187173843383789 3.5185203552246094 1.5760135650634766 0.3958473205566406
          84.60415649414062 83.42398834228516 81.48147583007812 78.81282806396484 75.46772766113281 71.50850677490234
          67.0089111328125 62.052764892578125 56.732383728027344 51.146881103515625 45.40030288696289 39.59969711303711
          33.853118896484375 28.267616271972656 22.947237014770508 17.991086959838867 13.49149227142334 9.532270431518555
          6.187173843383789 3.5185203552246094 1.5760135650634766 0.3958473205566406 84.60415649414062 83.42398834228516
          81.48147583007812 78.81282806396484 75.46772766113281 71.50850677490234 67.0089111328125 62.052764892578125
          56.732383728027344 51.146881103515625 45.40030288696289 39.59969711303711 33.853118896484375 28.267616271972656
          22.947237014770508 17.991086959838867 13.49149227142334 9.532270431518555 6.187173843383789 3.5185203552246094
          1.5760135650634766 0.3958473205566406 84.60415649414062 83.42398834228516 81.48147583007812 78.81282806396484
          75.46772766113281 71.50850677490234 67.0089111328125 62.052764892578125 56.732383728027344 51.146881103515625
          45.40030288696289 39.59969711303711 33.853118896484375 28.267616271972656 22.947237014770508 17.991086959838867
          13.49149227142334 9.532270431518555 6.187173843383789 3.5185203552246094 1.5760135650634766 0.3958473205566406
          84.60415649414062 83.42398834228516 81.48147583007812 78.81282806396484 75.46772766113281 71.50850677490234
          67.0089111328125 62.052764892578125 56.732383728027344 51.146881103515625 45.40030288696289 39.59969711303711
          33.853118896484375 28.267616271972656 22.947237014770508 17.991086959838867 13.49149227142334 9.532270431518555
          6.187173843383789 3.5185203552246094 1.5760135650634766 0.3958473205566406 84.60415649414062 83.42398834228516
          81.48147583007812 78.81282806396484 75.46772766113281 71.50850677490234 67.0089111328125 62.052764892578125
          56.732383728027344 51.146881103515625 45.40030288696289 39.59969711303711 33.853118896484375 28.267616271972656
          22.947237014770508 17.991086959838867 13.49149227142334 9.532270431518555 6.187173843383789 3.5185203552246094
          1.5760135650634766 0.3958473205566406 84.60415649414062 83.42398834228516 81.48147583007812 78.81282806396484
          75.46772766113281 71.50850677490234 67.0089111328125 62.052764892578125 56.732383728027344 51.146881103515625
          45.40030288696289 39.59969711303711 33.853118896484375 28.267616271972656 22.947237014770508 17.991086959838867
          13.49149227142334 9.532270431518555 6.187173843383789 3.5185203552246094 1.5760135650634766 0.3958473205566406
          84.60415649414062 83.42398834228516 81.48147583007812 78.81282806396484 75.46772766113281 71.50850677490234
          67.0089111328125 62.052764892578125 56.732383728027344 51.146881103515625 45.40030288696289 39.59969711303711
          33.853118896484375 28.267616271972656 22.947237014770508 17.991086959838867 13.49149227142334 9.532270431518555
          6.187173843383789 3.5185203552246094 1.5760135650634766 0.3958473205566406 84.60415649414062 83.42398834228516
          81.48147583007812 78.81282806396484 75.46772766113281 71.50850677490234 67.0089111328125 62.052764892578125
          56.732383728027344 51.146881103515625 45.40030288696289 39.59969711303711 33.853118896484375 28.267616271972656
          22.947237014770508 17.991086959838867 13.49149227142334 9.532270431518555 6.187173843383789 3.5185203552246094
          1.5760135650634766 0.3958473205566406 84.60415649414062 83.42398834228516 81.48147583007812 78.81282806396484
          75.46772766113281 71.50850677490234 67.0089111328125 62.052764892578125 56.732383728027344 51.146881103515625
          45.40030288696289 39.59969711303711 33.853118896484375 28.267616271972656 22.947237014770508 17.991086959838867
          13.49149227142334 9.532270431518555 6.187173843383789 3.5185203552246094 1.5760135650634766 0.3958473205566406
          84.60415649414062 83.42398834228516 81.48147583007812 78.81282806396484 75.46772766113281 71.50850677490234
          67.0089111328125 62.052764892578125 56.732383728027344 51.146881103515625 45.40030288696289 39.59969711303711
          33.853118896484375 28.267616271972656 22.947237014770508 17.991086959838867 13.49149227142334 9.532270431518555
          6.187173843383789 3.5185203552246094 1.5760135650634766 0.3958473205566406 84.60415649414062 83.42398834228516
          81.48147583007812 78.81282806396484 75.46772766113281 71.50850677490234 67.0089111328125 62.052764892578125
          56.732383728027344 51.146881103515625 45.40030288696289 39.59969711303711 33.853118896484375 28.267616271972656
          22.947237014770508 17.991086959838867 13.49149227142334 9.532270431518555 6.187173843383789 3.5185203552246094
          1.5760135650634766 0.3958473205566406 84.60415649414062 83.42398834228516 81.48147583007812 78.81282806396484
          75.46772766113281 71.50850677490234 67.0089111328125 62.052764892578125 56.732383728027344 51.146881103515625
          45.40030288696289 39.59969711303711 33.853118896484375 28.267616271972656 22.947237014770508 17.991086959838867
          13.49149227142334 9.532270431518555 6.187173843383789 3.5185203552246094 1.5760135650634766 0.3958473205566406
          84.60415649414062 83.42398834228516 81.48147583007812 78.81282806396484 75.46772766113281 71.50850677490234
          67.0089111328125 62.052764892578125 56.732383728027344 51.146881103515625 45.40030288696289 39.59969711303711
          33.853118896484375 28.267616271972656 22.947237014770508 17.991086959838867 13.49149227142334 9.532270431518555
          6.187173843383789 3.5185203552246094 1.5760135650634766 0.3958473205566406 84.60415649414062 83.42398834228516
          81.48147583007812 78.81282806396484 75.46772766113281 71.50850677490234 67.0089111328125 62.052764892578125
          56.732383728027344 51.146881103515625 45.40030288696289 39.59969711303711 33.853118896484375 28.267616271972656
          22.947237014770508 17.991086959838867 13.49149227142334 9.532270431518555 6.187173843383789 3.5185203552246094
          1.5760135650634766 0.3958473205566406 84.60415649414062 83.42398834228516 81.48147583007812 78.81282806396484
          75.46772766113281 71.50850677490234 67.0089111328125 62.052764892578125 56.732383728027344 51.146881103515625
          45.40030288696289 39.59969711303711 33.853118896484375 28.267616271972656 22.947237014770508 17.991086959838867
          13.49149227142334 9.532270431518555 6.187173843383789 3.5185203552246094 1.5760135650634766 0.3958473205566406
          84.60415649414062 83.42398834228516 81.48147583007812 78.81282806396484 75.46772766113281 71.50850677490234
          67.0089111328125 62.052764892578125 56.732383728027344 51.146881103515625 45.40030288696289 39.59969711303711
          33.853118896484375 28.267616271972656 22.947237014770508 17.991086959838867 13.49149227142334 9.532270431518555
          6.187173843383789 3.5185203552246094 1.5760135650634766 0.3958473205566406 84.60415649414062 83.42398834228516
          81.48147583007812 78.81282806396484 75.46772766113281 71.50850677490234 67.0089111328125 62.052764892578125
          56.732383728027344 51.146881103515625 45.40030288696289 39.59969711303711 33.853118896484375 28.267616271972656
          22.947237014770508 17.991086959838867 13.49149227142334 9.532270431518555 6.187173843383789 3.5185203552246094
          1.5760135650634766 0.3958473205566406 84.60415649414062 83.42398834228516 81.48147583007812 78.81282806396484
          75.46772766113281 71.50850677490234 67.0089111328125 62.052764892578125 56.732383728027344 51.146881103515625
          45.40030288696289 39.59969711303711 33.853118896484375 28.267616271972656 22.947237014770508 17.991086959838867
          13.49149227142334 9.532270431518555 6.187173843383789 3.5185203552246094 1.5760135650634766 0.3958473205566406
          84.60415649414062 83.42398834228516 81.48147583007812 78.81282806396484 75.46772766113281 71.50850677490234
          67.0089111328125 62.052764892578125 56.732383728027344 51.146881103515625 45.40030288696289 39.59969711303711
          33.853118896484375 28.267616271972656 22.947237014770508 17.991086959838867 13.49149227142334 9.532270431518555
          6.187173843383789 3.5185203552246094 1.5760135650634766 0.3958473205566406
        </DataArray>
        <DataArray type="Float64" Name="Displacement" NumberOfComponents="3" format="ascii" RangeMin="0.0818113472310623" RangeMax="1.4122241570857768">
          0.9974949955940247 -0.6536436080932617 0 0.9974949955940247 -0.6536436080932617 0
          0.9974949955940247 -0.46258220076560974 0 0.9974949955940247 -0.25102072954177856 0
          0.9974949955940247 -0.03509991243481636 0 0.9974949955940247 0.17007294297218323 0
          0.9974949955940247 0.3527049720287323 0 0.9974949955940247 0.505561113357544 0
          0.9974949955940247 0.6260363459587097 0 0.9974949955940247 0.7152737379074097 0
          0.9974949955940247 0.7767285108566284 0 0.9974949955940247 0.8146085739135742 0
          0.9974949955940247 0.832523763179779 0 0.9974949955940247 0.832523763179779 0
          0.9974949955940247 0.8146085739135742 0 0.9974949955940247 0.7767285108566284 0
          0.9974949955940247 0.7152737379074097 0 0.9974949955940247 0.6260363459587097 0
          0.9974949955940247 0.505561113357544 0 0.9974949955940247 0.3527049720287323 0
          0.9974949955940247 0.17007294297218323 0 0.9974949955940247 -0.03509991243481636 0
          0.9974949955940247 -0.25102072954177856 0 0.9974949955940247 -0.46258220076560974 0
          0.9998971223831177 -0.4665210247039795 0 0.9991574883460999 -0.2595416009426117 0
          0.9955506920814514 -0.04810239374637604 0 0.9895627498626709 0.1533244550228119 0
          0.981846809387207 0.333342045545578 0 0.9731661677360535 0.4848221242427826 0
          0.9643309116363525 0.6050061583518982 0 0.9561333656311035 0.6947073936462402 0
          0.9492876529693604 0.7569780349731445 0 0.9443775415420532 0.7956452965736389 0
          0.9418158531188965 0.8140309453010559 0 0.9418158531188965 0.8140309453010559 0
          0.9443775415420532 0.7956452965736389 0 0.9492876529693604 0.7569780349731445 0
          0.9561333656311035 0.6947073936462402 0 0.9643309116363525 0.6050061583518982 0
          0.9731661677360535 0.4848221242427826 0 0.981846809387207 0.333342045545578 0
          0.9895627498626709 0.1533244550228119 0 0.9955506920814514 -0.04810239374637604 0
          0.9991574883460999 -0.2595416009426117 0 0.9998971223831177 -0.4665210247039795 0
          0.9992027282714844 -0.4781319797039032 0 0.9889788627624512 -0.2846560776233673 0
          0.9681196808815002 -0.08655384182929993 0 0.9387779235839844 0.10348168760538101 0
          0.9037243127822876 0.27519670128822327 0 0.8660642504692078 0.4218258559703827 0
          0.8289517164230347 0.540255069732666 0 0.7953364849090576 0.6304395794868469 0
          0.7677639126777649 0.6943536996841431 0 0.7482360601425171 0.7347893118858337 0
          0.7381244897842407 0.7542720437049866 0 0.7381244897842407 0.7542720437049866 0
          0.7482360601425171 0.7347893118858337 0 0.7677639126777649 0.6943536996841431 0
          0.7953364849090576 0.6304395794868469 0 0.8289517164230347 0.540255069732666 0
          0.8660642504692078 0.4218258559703827 0 0.9037243127822876 0.27519670128822327 0
          0.9387779235839844 0.10348168760538101 0 0.9681196808815002 -0.08655384182929993 0
          0.9889788627624512 -0.2846560776233673 0 0.9992027282714844 -0.4781319797039032 0
          0.995956301689148 -0.4968085289001465 0 0.9694734215736389 -0.325018972158432 0
          0.9212358593940735 -0.14869605004787445 0 0.8563600182533264 0.02204050123691559 0
          0.7811706066131592 0.17868788540363312 0 0.7024096846580505 0.3151799738407135 0
          0.6265267729759216 0.4281066060066223 0 0.5591558814048767 0.5163946151733398 0
          0.5048186779022217 0.5806244015693665 0 0.46682649850845337 0.6221958994865417 0
          0.44731244444847107 0.6425442099571228 0 0.44731244444847107 0.6425442099571228 0
          0.46682649850845337 0.6221958994865417 0 0.5048186779022217 0.5806244015693665 0
          0.5591558814048767 0.5163946151733398 0 0.6265267729759216 0.4281066060066223 0
          0.7024096846580505 0.3151799738407135 0 0.7811706066131592 0.17868788540363312 0
          0.8563600182533264 0.02204050123691559 0 0.9212358593940735 -0.14869605004787445 0
          0.9694734215736389 -0.325018972158432 0 0.995956301689148 -0.4968085289001465 0
          0.9910610914230347 -0.5215832591056824 0 0.9445414543151855 -0.37840405106544495 0
          0.8638960123062134 -0.23136307299137115 0 0.7584065198898315 -0.08769389986991882 0
          0.639093279838562 0.04621386155486107 0 0.5170810222625732 0.16537213325500488 0
          0.40228569507598877 0.26641845703125 0 0.30263370275497437 0.34751659631729126 0
          0.22383704781532288 0.40802088379859924 0 0.16959518194198608 0.4480205476284027 0
          0.14201191067695618 0.46787941455841064 0 0.14201191067695618 0.46787941455841064 0
          0.16959518194198608 0.4480205476284027 0 0.22383704781532288 0.40802088379859924 0
          0.30263370275497437 0.34751659631729126 0 0.40228569507598877 0.26641845703125 0
          0.5170810222625732 0.16537213325500488 0 0.639093279838562 0.04621386155486107 0
          0.7584065198898315 -0.08769389986991882 0 0.8638960123062134 -0.23136307299137115 0
          0.9445414543151855 -0.37840405106544495 0 0.9910610914230347 -0.5215832591056824 0
          0.9856197834014893 -0.551184892654419 0 0.9187473058700562 -0.4417728781700134 0
          0.8061807751655579 -0.3298187255859375 0 0.66205233335495 -0.21984709799289703 0
          0.5025454163551331 -0.11608308553695679 0 0.34317803382873535 -0.022134868428111076 0
          0.19681736826896667 0.059179529547691345 0 0.07274790853261948 0.12585650384426117 0
          -0.023260729387402534 0.1766165941953659 0 -0.0882096067070961 0.2107342928647995 0
          -0.12086508423089981 0.22785916924476624 0 -0.12086508423089981 0.22785916924476624 0
          -0.0882096067070961 0.2107342928647995 0 -0.023260729387402534 0.1766165941953659 0
          0.07274790853261948 0.12585650384426117 0 0.19681736826896667 0.059179529547691345 0
          0.34317803382873535 -0.022134868428111076 0 0.5025454163551331 -0.11608308553695679 0
          0.66205233335495 -0.21984709799289703 0 0.8061807751655579 -0.3298187255859375 0
          0.9187473058700562 -0.4417728781700134 0 0.9856197834014893 -0.551184892654419 0
          0.9807496666908264 -0.5841270089149475 0 0.8965489268302917 -0.5114484429359436 0
          0.7574731707572937 -0.4378484785556793 0 0.5822737216949463 -0.3656841218471527 0
          0.39182379841804504 -0.29726552963256836 0 0.20531293749809265 -0.2347244769334793 0
          0.037672337144613266 -0.17991457879543304 0 -0.10136839002370834 -0.13435710966587067 0
          -0.20679247379302979 -0.0992264598608017 0 -0.2769211530685425 -0.0753626748919487 0
          -0.3117883503437042 -0.06330163776874542 0 -0.3117883503437042 -0.06330163776874542 0
          -0.2769211530685425 -0.0753626748919487 0 -0.20679247379302979 -0.0992264598608017 0
          -0.10136839002370834 -0.13435710966587067 0 0.037672337144613266 -0.17991457879543304 0
          0.20531293749809265 -0.2347244769334793 0 0.39182379841804504 -0.29726552963256836 0
          0.5822737216949463 -0.3656841218471527 0 0.7574731707572937 -0.4378484785556793 0
          0.8965489268302917 -0.5114484429359436 0 0.9807496666908264 -0.5841270089149475 0
          0.9774015545845032 -0.6188114285469055 0 0.8816232085227966 -0.583401083946228 0
          0.7251536250114441 -0.5482396483421326 0 0.5300776958465576 -0.514193594455719 0
          0.3205393850803375 -0.4821319580078125 0 0.11813066899776459 -0.4528903365135193 0
          -0.06107231602072716 -0.4272398054599762 0 -0.2073935717344284 -0.4058591425418854 0
          -0.31669020652770996 -0.38931214809417725 0 -0.38848215341567993 -0.3780345916748047 0
          -0.42387306690216064 -0.3723212480545044 0 -0.42387306690216064 -0.3723212480545044 0
          -0.38848215341567993 -0.3780345916748047 0 -0.31669020652770996 -0.38931214809417725 0
          -0.2073935717344284 -0.4058591425418854 0 -0.06107231602072716 -0.4272398054599762 0
          0.11813066899776459 -0.4528903365135193 0 0.3205393850803375 -0.4821319580078125 0
          0.5300776958465576 -0.514193594455719 0 0.7251536250114441 -0.5482396483421326 0
          0.8816232085227966 -0.583401083946228 0 0.9774015545845032 -0.6188114285469055 0
          0.9762111902236938 -0.6536436080932617 0 0.8763707876205444 -0.6536436080932617 0
          0.7138567566871643 -0.6536436080932617 0 0.5119701027870178 -0.6536436080932617 0
          0.296027272939682 -0.6536436080932617 0 0.08845047652721405 -0.6536436080932617 0
          -0.09432799369096756 -0.6536436080932617 0 -0.24271473288536072 -0.6536436080932617 0
          -0.3529404103755951 -0.6536436080932617 0 -0.42499929666519165 -0.6536436080932617 0
          -0.4604068696498871 -0.6536436080932617 0 -0.4604068696498871 -0.6536436080932617 0
          -0.42499929666519165 -0.6536436080932617 0 -0.3529404103755951 -0.6536436080932617 0
          -0.24271473288536072 -0.6536436080932617 0 -0.09432799369096756 -0.6536436080932617 0
          0.08845047652721405 -0.6536436080932617 0 0.296027272939682 -0.6536436080932617 0
          0.5119701027870178 -0.6536436080932617 0 0.7138567566871643 -0.6536436080932617 0
          0.8763707876205444 -0.6536436080932617 0 0.9762111902236938 -0.6536436080932617 0
          0.9774015545845032 -0.6871430277824402 0 0.8816232085227966 -0.7186563014984131 0
          0.7251536250114441 -0.747652530670166 0 0.5300776958465576 -0.7737318277359009 0
          0.3205393850803375 -0.7966251969337463 0 0.11813066899776459 -0.8161828517913818 0
          -0.06107231602072716 -0.8323532342910767 0 -0.2073935717344284 -0.845157265663147 0
          -0.31669020652770996 -0.8546587824821472 0 -0.38848215341567993 -0.860935389995575 0
          -0.42387306690216064 -0.8640546798706055 0 -0.42387306690216064 -0.8640546798706055 0
          -0.38848215341567993 -0.860935389995575 0 -0.31669020652770996 -0.8546587824821472 0
          -0.2073935717344284 -0.845157265663147 0 -0.06107231602072716 -0.8323532342910767 0
          0.11813066899776459 -0.8161828517913818 0 0.3205393850803375 -0.7966251969337463 0
          0.5300776958465576 -0.7737318277359009 0 0.7251536250114441 -0.747652530670166 0
          0.8816232085227966 -0.7186563014984131 0 0.9774015545845032 -0.6871430277824402 0
          0.9807496666908264 -0.7180342674255371 0 0.8965489268302917 -0.7757536172866821 0
          0.7574731707572937 -0.8257742524147034 0 0.5822737216949463 -0.8676274418830872 0
          0.39182379841804504 -0.9013821482658386 0 0.20531293749809265 -0.9275650978088379 0
          0.037672337144613266 -0.947036623954773 0 -0.10136839002370834 -0.9608386754989624 0
          -0.20679247379302979 -0.9700381755828857 0 -0.2769211530685425 -0.9755794405937195 0
          -0.3117883503437042 -0.9781636595726013 0 -0.3117883503437042 -0.9781636595726013 0
          -0.2769211530685425 -0.9755794405937195 0 -0.20679247379302979 -0.9700381755828857 0
          -0.10136839002370834 -0.9608386754989624 0 0.037672337144613266 -0.947036623954773 0
          0.20531293749809265 -0.9275650978088379 0 0.39182379841804504 -0.9013821482658386 0
          0.5822737216949463 -0.8676274418830872 0 0.7574731707572937 -0.8257742524147034 0
          0.8965489268302917 -0.7757536172866821 0 0.9807496666908264 -0.7180342674255371 0
          0.9856197834014893 -0.7453064322471619 0 0.9187473058700562 -0.8233018517494202 0
          0.8061807751655579 -0.8860093355178833 0 0.66205233335495 -0.9331650733947754 0
          0.5025454163551331 -0.9657795429229736 0 0.34317803382873535 -0.9858952164649963 0
          0.19681736826896667 -0.9962348937988281 0 0.07274790853261948 -0.9998034238815308 0
          -0.023260729387402534 -0.9995030164718628 0 -0.0882096067070961 -0.9978024363517761 0
          -0.12086508423089981 -0.9964857697486877 0 -0.12086508423089981 -0.9964857697486877 0
          -0.0882096067070961 -0.9978024363517761 0 -0.023260729387402534 -0.9995030164718628 0
          0.07274790853261948 -0.9998034238815308 0 0.19681736826896667 -0.9962348937988281 0
          0.34317803382873535 -0.9858952164649963 0 0.5025454163551331 -0.9657795429229736 0
          0.66205233335495 -0.9331650733947754 0 0.8061807751655579 -0.8860093355178833 0
          0.9187473058700562 -0.8233018517494202 0 0.9856197834014893 -0.7453064322471619 0
          0.9910610914230347 -0.7682304978370667 0 0.9445414543151855 -0.8607323169708252 0
          0.8638960123062134 -0.9288511276245117 0 0.7584065198898315 -0.9727872610092163 0
          0.639093279838562 -0.9950252771377563 0 0.5170810222625732 -0.9997976422309875 0
          0.40228569507598877 -0.9923641681671143 0 0.30263370275497437 -0.9782590270042419 0
          0.22383704781532288 -0.9626239538192749 0 0.16959518194198608 -0.9496963024139404 0
          0.14201191067695618 -0.9424635171890259 0 0.14201191067695618 -0.9424635171890259 0
          0.16959518194198608 -0.9496963024139404 0 0.22383704781532288 -0.9626239538192749 0
          0.30263370275497437 -0.9782590270042419 0 0.40228569507598877 -0.9923641681671143 0
          0.5170810222625732 -0.9997976422309875 0 0.639093279838562 -0.9950252771377563 0
          0.7584065198898315 -0.9727872610092163 0 0.8638960123062134 -0.9288511276245117 0
          0.9445414543151855 -0.8607323169708252 0 0.9910610914230347 -0.7682304978370667 0
          0.995956301689148 -0.7863388061523438 0 0.9694734215736389 -0.8883532285690308 0
          0.9212358593940735 -0.956724226474762 0 0.8563600182533264 -0.9923247694969177 0
          0.7811706066131592 -0.9994344115257263 0 0.7024096846580505 -0.9847912192344666 0
          0.6265267729759216 -0.9564005136489868 0 0.5591558814048767 -0.9223731160163879 0
          0.5048186779022217 -0.8899881839752197 0 0.46682649850845337 -0.8650600910186768 0
          0.44731244444847107 -0.8515844345092773 0 0.44731244444847107 -0.8515844345092773 0
          0.46682649850845337 -0.8650600910186768 0 0.5048186779022217 -0.8899881839752197 0
          0.5591558814048767 -0.9223731160163879 0 0.6265267729759216 -0.9564005136489868 0
          0.7024096846580505 -0.9847912192344666 0 0.7811706066131592 -0.9994344115257263 0
          0.8563600182533264 -0.9923247694969177 0 0.9212358593940735 -0.956724226474762 0
          0.9694734215736389 -0.8883532285690308 0 0.995956301689148 -0.7863388061523438 0
          0.9992027282714844 -0.79937344789505 0 0.9889788627624512 -0.9070108532905579 0
          0.9681196808815002 -0.9730517864227295 0 0.9387779235839844 -0.999103307723999 0
          0.9037243127822876 -0.9911981821060181 0 0.8660642504692078 -0.9584038257598877 0
          0.8289517164230347 -0.9111533761024475 0 0.7953364849090576 -0.8597067594528198 0
          0.7677639126777649 -0.813004195690155 0 0.7482360601425171 -0.7779890298843384 0
          0.7381244897842407 -0.7593215107917786 0 0.7381244897842407 -0.7593215107917786 0
          0.7482360601425171 -0.7779890298843384 0 0.7677639126777649 -0.813004195690155 0
          0.7953364849090576 -0.8597067594528198 0 0.8289517164230347 -0.9111533761024475 0
          0.8660642504692078 -0.9584038257598877 0 0.9037243127822876 -0.9911981821060181 0
          0.9387779235839844 -0.999103307723999 0 0.9681196808815002 -0.9730517864227295 0
          0.9889788627624512 -0.9070108532905579 0 0.9992027282714844 -0.79937344789505 0
          0.9998971223831177 -0.8072185516357422 0 0.9991574883460999 -0.9176916480064392 0
          0.9955506920814514 -0.9812140464782715 0 0.9895627498626709 -0.9999687075614929 0
          0.981846809387207 -0.9812741279602051 0 0.9731661677360535 -0.9358471632003784 0
          0.9643309116363525 -0.8757761120796204 0 0.9561333656311035 -0.812717854976654 0
          0.9492876529693604 -0.7566272020339966 0 0.9443775415420532 -0.7150828242301941 0
          0.9418158531188965 -0.6930820345878601 0 0.9418158531188965 -0.6930820345878601 0
          0.9443775415420532 -0.7150828242301941 0 0.9492876529693604 -0.7566272020339966 0
          0.9561333656311035 -0.812717854976654 0 0.9643309116363525 -0.8757761120796204 0
          0.9731661677360535 -0.9358471632003784 0 0.981846809387207 -0.9812741279602051 0
          0.9895627498626709 -0.9999687075614929 0 0.9955506920814514 -0.9812140464782715 0
          0.9991574883460999 -0.9176916480064392 0 0.9998971223831177 -0.8072185516357422 0
          0.9974949955940247 -0.8098359704017639 0 0.9974949955940247 -0.92115718126297 0
          0.9974949955940247 -0.9836415648460388 0 0.9974949955940247 -0.9996903538703918 0
          0.9974949955940247 -0.9770952463150024 0 0.9974949955940247 -0.9271683692932129 0
          0.9974949955940247 -0.8625838160514832 0 0.9974949955940247 -0.7954798340797424 0
          0.9974949955940247 -0.7361471652984619 0 0.9974949955940247 -0.6923643350601196 0
          0.9974949955940247 -0.6692261695861816 0 0.9974949955940247 -0.6692261695861816 0
          0.9974949955940247 -0.6923643350601196 0 0.9974949955940247 -0.7361471652984619 0
          0.9974949955940247 -0.7954798340797424 0 0.9974949955940247 -0.8625838160514832 0
          0.9974949955940247 -0.9271683692932129 0 0.9974949955940247 -0.9770952463150024 0
          0.9974949955940247 -0.9996903538703918 0 0.9974949955940247 -0.9836415648460388 0
          0.9974949955940247 -0.92115718126297 0 0.9974949955940247 -0.8098359704017639 0
          0.9919150471687317 -0.8072185516357422 0 0.9833666682243347 -0.9176916480064392 0
          0.9722903370857239 -0.9812140464782715 0 0.9593239426612854 -0.9999687075614929 0
          0.9452539086341858 -0.9812741279602051 0 0.9309549331665039 -0.9358471632003784 0
          0.9173259735107422 -0.8757761120796204 0 0.9052263498306274 -0.812717854976654 0
          0.8954182267189026 -0.7566272020339966 0 0.8885174989700317 -0.7150828242301941 0
          0.8849560022354126 -0.6930820345878601 0 0.8849560022354126 -0.6930820345878601 0
          0.8885174989700317 -0.7150828242301941 0 0.8954182267189026 -0.7566272020339966 0
          0.9052263498306274 -0.812717854976654 0 0.9173259735107422 -0.8757761120796204 0
          0.9309549331665039 -0.9358471632003784 0 0.9452539086341858 -0.9812741279602051 0
          0.9593239426612854 -0.9999687075614929 0 0.9722903370857239 -0.9812140464782715 0
          0.9833666682243347 -0.9176916480064392 0 0.9919150471687317 -0.8072185516357422 0
          0.9835690855979919 -0.79937344789505 0 0.9581878781318665 -0.9070108532905579 0
          0.9230823516845703 -0.9730517864227295 0 0.8807640075683594 -0.999103307723999 0
          0.8342646956443787 -0.9911981821060181 0 0.7868465781211853 -0.9584038257598877 0
          0.7417247295379639 -0.9111533761024475 0 0.7018346190452576 -0.8597067594528198 0
          0.6696602702140808 -0.813004195690155 0 0.6471244692802429 -0.7779890298843384 0
          0.6355289816856384 -0.7593215107917786 0 0.6355289816856384 -0.7593215107917786 0
          0.6471244692802429 -0.7779890298843384 0 0.6696602702140808 -0.813004195690155 0
          0.7018346190452576 -0.8597067594528198 0 0.7417247295379639 -0.9111533761024475 0
          0.7868465781211853 -0.9584038257598877 0 0.8342646956443787 -0.9911981821060181 0
          0.8807640075683594 -0.999103307723999 0 0.9230823516845703 -0.9730517864227295 0
          0.9581878781318665 -0.9070108532905579 0 0.9835690855979919 -0.79937344789505 0
          0.973311185836792 -0.7863388061523438 0 0.9251693487167358 -0.8883532285690308 0
          0.8571202754974365 -0.956724226474762 0 0.7749184966087341 -0.9923247694969177 0
          0.6852492690086365 -0.9994344115257263 0 0.5949349403381348 -0.9847912192344666 0
          0.5102677941322327 -0.9564005136489868 0 0.4365626573562622 -0.9223731160163879 0
          0.3779482841491699 -0.8899881839752197 0 0.33735552430152893 -0.8650600910186768 0
          0.3166213929653168 -0.8515844345092773 0 0.3166213929653168 -0.8515844345092773 0
          0.33735552430152893 -0.8650600910186768 0 0.3779482841491699 -0.8899881839752197 0
          0.4365626573562622 -0.9223731160163879 0 0.5102677941322327 -0.9564005136489868 0
          0.5949349403381348 -0.9847912192344666 0 0.6852492690086365 -0.9994344115257263 0
          0.7749184966087341 -0.9923247694969177 0 0.8571202754974365 -0.956724226474762 0
          0.9251693487167358 -0.8883532285690308 0 0.973311185836792 -0.7863388061523438 0
          0.9623163342475891 -0.7682304978370667 0 0.8887462615966797 -0.8607323169708252 0
          0.7841726541519165 -0.9288511276245117 0 0.6588372588157654 -0.9727872610092163 0
          0.5241579413414001 -0.9950252771377563 0 0.39111658930778503 -0.9997976422309875 0
          0.26906245946884155 -0.9923641681671143 0 0.1651025265455246 -0.9782590270042419 0
          0.08405768871307373 -0.9626239538192749 0 0.028822364285588264 -0.9496963024139404 0
          0.0009009836940094829 -0.9424635171890259 0 0.0009009836940094829 -0.9424635171890259 0
          0.028822364285588264 -0.9496963024139404 0 0.08405768871307373 -0.9626239538192749 0
          0.1651025265455246 -0.9782590270042419 0 0.26906245946884155 -0.9923641681671143 0
          0.39111658930778503 -0.9997976422309875 0 0.5241579413414001 -0.9950252771377563 0
          0.6588372588157654 -0.9727872610092163 0 0.7841726541519165 -0.9288511276245117 0
          0.8887462615966797 -0.8607323169708252 0 0.9623163342475891 -0.7682304978370667 0
          0.9519100189208984 -0.7453064322471619 0 0.8538322448730469 -0.8233018517494202 0
          0.714616596698761 -0.8860093355178833 0 0.5496633648872375 -0.9331650733947754 0
          0.37551072239875793 -0.9657795429229736 0 0.20719382166862488 -0.9858952164649963 0
          0.05648787319660187 -0.9962348937988281 0 -0.0687260851264 -0.9998034238815308 0
          -0.16410966217517853 -0.9995030164718628 0 -0.22789686918258667 -0.9978024363517761 0
          -0.2597409784793854 -0.9964857697486877 0 -0.2597409784793854 -0.9964857697486877 0
          -0.22789686918258667 -0.9978024363517761 0 -0.16410966217517853 -0.9995030164718628 0
          -0.0687260851264 -0.9998034238815308 0 0.05648787319660187 -0.9962348937988281 0
          0.20719382166862488 -0.9858952164649963 0 0.37551072239875793 -0.9657795429229736 0
          0.5496633648872375 -0.9331650733947754 0 0.714616596698761 -0.8860093355178833 0
          0.8538322448730469 -0.8233018517494202 0 0.9519100189208984 -0.7453064322471619 0
          0.9433783888816833 -0.7180342674255371 0 0.8250682950019836 -0.7757536172866821 0
          0.6577603220939636 -0.8257742524147034 0 0.46171700954437256 -0.8676274418830872 0
          0.2580665349960327 -0.9013821482658386 0 0.06514450907707214 -0.9275650978088379 0
          -0.10372438281774521 -0.947036623954773 0 -0.24074691534042358 -0.9608386754989624 0
          -0.34279268980026245 -0.9700381755828857 0 -0.40975093841552734 -0.9755794405937195 0
          -0.44275352358818054 -0.9781636595726013 0 -0.44275352358818054 -0.9781636595726013 0
          -0.40975093841552734 -0.9755794405937195 0 -0.34279268980026245 -0.9700381755828857 0
          -0.24074691534042358 -0.9608386754989624 0 -0.10372438281774521 -0.947036623954773 0
          0.06514450907707214 -0.9275650978088379 0 0.2580665349960327 -0.9013821482658386 0
          0.46171700954437256 -0.8676274418830872 0 0.6577603220939636 -0.8257742524147034 0
          0.8250682950019836 -0.7757536172866821 0 0.9433783888816833 -0.7180342674255371 0
          0.937788724899292 -0.6871430277824402 0 0.8061982989311218 -0.7186563014984131 0
          0.620723307132721 -0.747652530670166 0 0.4051102101802826 -0.7737318277359009 0
          0.18365775048732758 -0.7966251969337463 0 -0.023183414712548256 -0.8161828517913818 0
          -0.20131783187389374 -0.8323532342910767 0 -0.34336990118026733 -0.845157265663147 0
          -0.44737735390663147 -0.8546587824821472 0 -0.5146303176879883 -0.860935389995575 0
          -0.547446608543396 -0.8640546798706055 0 -0.547446608543396 -0.8640546798706055 0
          -0.5146303176879883 -0.860935389995575 0 -0.44737735390663147 -0.8546587824821472 0
          -0.34336990118026733 -0.845157265663147 0 -0.20131783187389374 -0.8323532342910767 0
          -0.023183414712548256 -0.8161828517913818 0 0.18365775048732758 -0.7966251969337463 0
          0.4051102101802826 -0.7737318277359009 0 0.620723307132721 -0.747652530670166 0
          0.8061982989311218 -0.7186563014984131 0 0.937788724899292 -0.6871430277824402 0
          0.935843825340271 -0.6536436080932617 0 0.7996318340301514 -0.6536436080932617 0
          0.6078877449035645 -0.6536436080932617 0 0.38562411069869995 -0.6536436080932617 0
          0.15826985239982605 -0.6536436080932617 0 -0.05300159007310867 -0.6536436080932617 0
          -0.23387466371059418 -0.6536436080932617 0 -0.3771860599517822 -0.6536436080932617 0
          -0.4814467132091522 -0.6536436080932617 0 -0.5484870672225952 -0.6536436080932617 0
          -0.5810726881027222 -0.6536436080932617 0 -0.5810726881027222 -0.6536436080932617 0
          -0.5484870672225952 -0.6536436080932617 0 -0.4814467132091522 -0.6536436080932617 0
          -0.3771860599517822 -0.6536436080932617 0 -0.23387466371059418 -0.6536436080932617 0
          -0.05300159007310867 -0.6536436080932617 0 0.15826985239982605 -0.6536436080932617 0
          0.38562411069869995 -0.6536436080932617 0 0.6078877449035645 -0.6536436080932617 0
          0.7996318340301514 -0.6536436080932617 0 0.935843825340271 -0.6536436080932617 0
          0.937788724899292 -0.6188114285469055 0 0.8061982989311218 -0.583401083946228 0
          0.620723307132721 -0.5482396483421326 0 0.4051102101802826 -0.514193594455719 0
          0.18365775048732758 -0.4821319580078125 0 -0.023183414712548256 -0.4528903365135193 0
          -0.20131783187389374 -0.4272398054599762 0 -0.34336990118026733 -0.4058591425418854 0
          -0.44737735390663147 -0.38931214809417725 0 -0.5146303176879883 -0.3780345916748047 0
          -0.547446608543396 -0.3723212480545044 0 -0.547446608543396 -0.3723212480545044 0
          -0.5146303176879883 -0.3780345916748047 0 -0.44737735390663147 -0.38931214809417725 0
          -0.34336990118026733 -0.4058591425418854 0 -0.20131783187389374 -0.4272398054599762 0
          -0.023183414712548256 -0.4528903365135193 0 0.18365775048732758 -0.4821319580078125 0
          0.4051102101802826 -0.514193594455719 0 0.620723307132721 -0.5482396483421326 0
          0.8061982989311218 -0.583401083946228 0 0.937788724899292 -0.6188114285469055 0
          0.9433783888816833 -0.5841270089149475 0 0.8250682950019836 -0.5114484429359436 0
          0.6577603220939636 -0.4378484785556793 0 0.46171700954437256 -0.3656841218471527 0
          0.2580665349960327 -0.29726552963256836 0 0.06514450907707214 -0.2347244769334793 0
          -0.10372438281774521 -0.17991457879543304 0 -0.24074691534042358 -0.13435710966587067 0
          -0.34279268980026245 -0.0992264598608017 0 -0.40975093841552734 -0.0753626748919487 0
          -0.44275352358818054 -0.06330163776874542 0 -0.44275352358818054 -0.06330163776874542 0
          -0.40975093841552734 -0.0753626748919487 0 -0.34279268980026245 -0.0992264598608017 0
          -0.24074691534042358 -0.13435710966587067 0 -0.10372438281774521 -0.17991457879543304 0
          0.06514450907707214 -0.2347244769334793 0 0.2580665349960327 -0.29726552963256836 0
          0.46171700954437256 -0.3656841218471527 0 0.6577603220939636 -0.4378484785556793 0
          0.8250682950019836 -0.5114484429359436 0 0.9433783888816833 -0.5841270089149475 0
          0.9519100189208984 -0.551184892654419 0 0.8538322448730469 -0.4417728781700134 0
          0.714616596698761 -0.3298187255859375 0 0.5496633648872375 -0.21984709799289703 0
          0.37551072239875793 -0.11608308553695679 0 0.20719382166862488 -0.022134868428111076 0
          0.05648787319660187 0.059179529547691345 0 -0.0687260851264 0.12585650384426117 0
          -0.16410966217517853 0.1766165941953659 0 -0.22789686918258667 0.2107342928647995 0
          -0.2597409784793854 0.22785916924476624 0 -0.2597409784793854 0.22785916924476624 0
          -0.22789686918258667 0.2107342928647995 0 -0.16410966217517853 0.1766165941953659 0
          -0.0687260851264 0.12585650384426117 0 0.05648787319660187 0.059179529547691345 0
          0.20719382166862488 -0.022134868428111076 0 0.37551072239875793 -0.11608308553695679 0
          0.5496633648872375 -0.21984709799289703 0 0.714616596698761 -0.3298187255859375 0
          0.8538322448730469 -0.4417728781700134 0 0.9519100189208984 -0.551184892654419 0
          0.9623163342475891 -0.5215832591056824 0 0.8887462615966797 -0.37840405106544495 0
          0.7841726541519165 -0.23136307299137115 0 0.6588372588157654 -0.08769389986991882 0
          0.5241579413414001 0.04621386155486107 0 0.39111658930778503 0.16537213325500488 0
          0.26906245946884155 0.26641845703125 0 0.1651025265455246 0.34751659631729126 0
          0.08405768871307373 0.40802088379859924 0 0.028822364285588264 0.4480205476284027 0
          0.0009009836940094829 0.46787941455841064 0 0.0009009836940094829 0.46787941455841064 0
          0.028822364285588264 0.4480205476284027 0 0.08405768871307373 0.40802088379859924 0
          0.1651025265455246 0.34751659631729126 0 0.26906245946884155 0.26641845703125 0
          0.39111658930778503 0.16537213325500488 0 0.5241579413414001 0.04621386155486107 0
          0.6588372588157654 -0.08769389986991882 0 0.7841726541519165 -0.23136307299137115 0
          0.8887462615966797 -0.37840405106544495 0 0.9623163342475891 -0.5215832591056824 0
          0.973311185836792 -0.4968085289001465 0 0.9251693487167358 -0.325018972158432 0
          0.8571202754974365 -0.14869605004787445 0 0.7749184966087341 0.02204050123691559 0
          0.6852492690086365 0.17868788540363312 0 0.5949349403381348 0.3151799738407135 0
          0.5102677941322327 0.4281066060066223 0 0.4365626573562622 0.5163946151733398 0
          0.3779482841491699 0.5806244015693665 0 0.33735552430152893 0.6221958994865417 0
          0.3166213929653168 0.6425442099571228 0 0.3166213929653168 0.6425442099571228 0
          0.33735552430152893 0.6221958994865417 0 0.3779482841491699 0.5806244015693665 0
          0.4365626573562622 0.5163946151733398 0 0.5102677941322327 0.4281066060066223 0
          0.5949349403381348 0.3151799738407135 0 0.6852492690086365 0.17868788540363312 0
          0.7749184966087341 0.02204050123691559 0 0.8571202754974365 -0.14869605004787445 0
          0.9251693487167358 -0.325018972158432 0 0.973311185836792 -0.4968085289001465 0
          0.9835690855979919 -0.4781319797039032 0 0.9581878781318665 -0.2846560776233673 0
          0.9230823516845703 -0.08655384182929993 0 0.8807640075683594 0.10348168760538101 0
          0.8342646956443787 0.27519670128822327 0 0.7868465781211853 0.4218258559703827 0
          0.7417247295379639 0.540255069732666 0 0.7018346190452576 0.6304395794868469 0
          0.6696602702140808 0.6943536996841431 0 0.6471244692802429 0.7347893118858337 0
          0.6355289816856384 0.7542720437049866 0 0.6355289816856384 0.7542720437049866 0
          0.6471244692802429 0.7347893118858337 0 0.6696602702140808 0.6943536996841431 0
          0.7018346190452576 0.6304395794868469 0 0.7417247295379639 0.540255069732666 0
          0.7868465781211853 0.4218258559703827 0 0.8342646956443787 0.27519670128822327 0
          0.8807640075683594 0.10348168760538101 0 0.9230823516845703 -0.08655384182929993 0
          0.9581878781318665 -0.2846560776233673 0 0.9835690855979919 -0.4781319797039032 0
          0.9919150471687317 -0.4665210247039795 0 0.9833666682243347 -0.2595416009426117 0
          0.9722903370857239 -0.04810239374637604 0 0.9593239426612854 0.1533244550228119 0
          0.9452539086341858 0.333342045545578 0 0.9309549331665039 0.4848221242427826 0
          0.9173259735107422 0.6050061583518982 0 0.9052263498306274 0.6947073936462402 0
          0.8954182267189026 0.7569780349731445 0 0.8885174989700317 0.7956452965736389 0
          0.8849560022354126 0.8140309453010559 0 0.8849560022354126 0.8140309453010559 0
          0.8885174989700317 0.7956452965736389 0 0.8954182267189026 0.7569780349731445 0
          0.9052263498306274 0.6947073936462402 0 0.9173259735107422 0.6050061583518982 0
          0.9309549331665039 0.4848221242427826 0 0.9452539086341858 0.333342045545578 0
          0.9593239426612854 0.1533244550228119 0 0.9722903370857239 -0.04810239374637604 0
          0.9833666682243347 -0.2595416009426117 0 0.9919150471687317 -0.4665210247039795 0
          <InformationKey name="L2_NORM_RANGE" location="vtkDataArray" length="2">
            <Value index="0">
              0.081811347231
            </Value>
            <Value index="1">
              1.4122241571
            </Value>
          </InformationKey>
        </DataArray>
      </PointData>
      <CellData Scalars="MaterialId">
        <DataArray type="Int32" Name="MaterialId" format="ascii" RangeMin="1" RangeMax="3">
          1 2 3 1 2 3
          1 2 3 1 2 3
          1 2 3 1 2 3
          1 2 3 1 2 3
          1 2 3 1 2 3
          1 2 3 1 2 3
          1 2 3 1 2 3
          1 2 3 1 2 3
          1 2 3 1 2 3
          1 2 3 1 2 3
          1 2 3 1 2 3
          1 2 3 1 2 3
          1 2 3 1 2 3
          1 2 3 1 2 3
          1 2 3 1 2 3
          1 2 3 1 2 3
          1 2 3 1 2 3
          1 2 3 1 2 3
          1 2 3 1 2 3
          1 2 3 1 2 3
          1 2 3 1 2 3
          1 2 3 1 2 3
          1 2 3 1 2 3
          1 2 3 1 2 3
          1 2 3 1 2 3
          1 2 3 1 2 3
          1 2 3 1 2 3
          1 2 3 1 2 3
          1 2 3 1 2 3
          1 2 3 1 2 3
          1 2 3 1 2 3
          1 2 3 1 2 3
          1 2 3 1 2 3
          1 2 3 1 2 3
          1 2 3 1 2 3
          1 2 3 1 2 3
          1 2 3 1 2 3
          1 2 3 1 2 3
          1 2 3 1 2 3
          1 2 3 1 2 3
          1 2 3 1 2 3
          1 2 3 1 2 3
          1 2 3 1 2 3
          1 2 3 1 2 3
          1 2 3 1 2 3
          1 2 3 1 2 3
          1 2 3 1 2 3
          1 2 3 1 2 3
          1 2 3 1 2 3
          1 2 3 1 2 3
          1 2 3 1 2 3
          1 2 3 1 2 3
          1 2 3 1 2 3
          1 2 3 1 2 3
          1 2 3 1 2 3
          1 2 3 1 2 3
          1 2 3 1 2 3
          1 2 3 1 2 3
          1 2 3 1 2 3
          1 2 3 1 2 3
          1 2 3 1 2 3
          1 2 3 1 2 3
          1 2 3 1 2 3
          1 2 3 1 2 3
          1 2 3 1 2 3
          1 2 3 1 2 3
          1 2 3 1 2 3
          1 2 3 1 2 3
          1 2 3 1 2 3
          1 2 3 1 2 3
          1 2 3 1 2 3
          1 2 3 1 2 3
          1 2 3 1 2 3
          1 2 3 1 2 3
          1 2 3 1 2 3
          1 2 3 1 2 3
          1 2 3 1 2 3
          1 2 3 1 2 3
          1 2 3 1 2 3
          1 2 3 1 2 3
          1 2 3 1 2 3
          1 2 3 1 2 3
          1 2 3 1 2 3
          1 2 3 1 2 3
          1 2 3 1 2 3
          1 2 3 1 2 3
          1 2 3 1 2 3
          1 2 3 1 2 3
          1 2 3 1 2 3
          1 2 3 1 2 3
          1 2 3 1 2 3
          1 2 3 1 2 3
          1 2 3 1 2 3
          1 2 3 1 2 3
          1 2 3 1 2 3
          1 2 3 1 2 3
          1 2 3 1 2 3
          1 2 3 1 2 3
          1 2 3 1 2 3
          1 2 3 1 2 3
          1 2 3 1 2 3
          1 2 3 1 2 3
          1 2 3 1 2 3
          1 2 3 1 2 3
          1 2 3 1 2 3
          1 2 3 1 2 3
          1 2 3 1 2 3
          1 2 3 1 2 3
          1 2 3 1 2 3
          1 2 3 1 2 3
          1 2 3 1 2 3
          1 2 3 1 2 3
          1 2 3 1 2 3
          1 2 3 1 2 3
          1 2 3 1 2 3
          1 2 3 1 2 3
          1 2 3 1 2 3
          1 2 3 1 2 3
          1 2 3 1 2 3
          1 2 3 1 2 3
          1 2 3 1 2 3
          1 2 3 1 2 3
          1 2 3 1 2 3
          1 2 3 1 2 3
          1 2 3 1 2 3
          1 2 3 1 2 3
          1 2 3 1 2 3
          1 2 3 1 2 3
          1 2 3 1 2 3
          1 2 3 1 2 3
          1 2 3 1 2 3
          1 2 3 1 2 3
          1 2 3 1 2 3
          1 2 3 1 2 3
          1 2 3 1 2 3
          1 2 3 1 2 3
          1 2 3 1 2 3
          1 2 3 1 2 3
          1 2 3 1 2 3
          1 2 3 1 2 3
          1 2 3 1 2 3
          1 2 3 1 2 3
          1 2 3 1 2 3
          1 2 3 1 2 3
          1 2 3 1 2 3
          1 2 3 1 2 3
          1 2 3 1 2 3
          1 2 3 1 2 3
          1 2 3 1 2 3
          1 2 3 1 2 3
          1 2 3 1 2 3
          1 2 3 1 2 3
          1 2 3 1 2 3
          1 2 3 1 2 3
          1 2 3 1 2 3
          1 2 3 1 2 3
          1 2 3 1 2 3
          1 2 3 1 2 3
          1 2 3 1 2 3
          1 2 3 1 2 3
          1 2 3 1 2 3
          1 2 3 1 2 3
          1 2 3 1 2 3
          1 2 3 1 2 3
          1 2 3 1 2 3
          1 2 3 1 2 3
          1 2 3 1 2 3
          1 2 3 1 2 3
          1 2 3 1 2 3
          1 2 3 1 2 3
          1 2 3 1 2 3
          1 2 3 1 2 3
          1 2 3 1 2 3
          1 2 3 1 2 3
          1 2 3 1 2 3
          1 2 3 1 2 3
          1 2 3 1 2 3
          1 2 3 1 2 3
          1 2 3 1 2 3
          1 2 3 1 2 3
          1 2 3 1 2 3
          1 2 3 1 2 3
          1 2 3 1 2 3
          1 2 3 1 2 3
          1 2 3 1 2 3
          1 2 3 1 2 3
          1 2 3 1 2 3
          1 2 3 1 2 3
          1 2 3 1 2 3
          1 2 3 1 2 3
          1 2 3 1 2 3
          1 2 3 1 2 3
          1 2 3 1 2 3
          1 2 3 1 2 3
          1 2 3 1 2 3
          1 2 3 1 2 3
          1 2 3 1 2 3
          1 2 3 1 2 3
          1 2 3 1 2 3
          1 2 3 1 2 3
          1 2 3 1 2 3
          1 2 3 1 2 3
          1 2 3 1 2 3
          1 2 3 1 2 3
          1 2 3 1 2 3
          1 2 3 1 2 3
          1 2 3 1 2 3
          1 2 3 1 2 3
          1 2 3 1 2 3
          1 2 3 1 2 3
          1 2 3 1 2 3
          1 2 3 1 2 3
          1 2 3 1 2 3
          1 2 3 1 2 3
          1 2 3 1 2 3
          1 2 3 1 2 3
          1 2 3 1 2 3
          1 2 3 1 2 3
          1 2 3 1 2 3
          1 2 3 1 2 3
          1 2 3 1 2 3
          1 2 3 1 2 3
          1 2 3 1 2 3
          1 2 3 1 2 3
          1 2 3 1 2 3
          1 2 3 1 2 3
          1 2 3 1 2 3
          1 2 3 1 2 3
          1 2 3 1 2 3
          1 2 3 1 2 3
          1 2 3 1 2 3
          1 2 3 1 2 3
          1 2 3 1 2 3
          1 2 3 1 2 3
          1 2 3 1
        </DataArray>
      </CellData>
      <Points>
        <DataArray type="Float32" Name="Points" NumberOfComponents="3" format="ascii" RangeMin="25.84262981568461" RangeMax="59.667063711064685">
          40 12 26 40 12 -8
          42.314835 12 25.841661 44.586544 12 25.369595
          46.77282 12 24.592592 48.832928 12 23.525131
          50.728493 12 22.187092 52.42421 12 20.603403
          53.88849 12 18.803566 55.094048 12 16.821106
          56.018436 12 14.692953 56.644432 12 12.458752
          56.96037 12 10.160121 56.96037 12 7.839879
          56.644432 12 5.541248 56.018436 12 3.3070464
          55.094048 12 1.1788945 53.88849 12 -0.803565
          52.42421 12 -2.603403 50.728493 12 -4.187092
          48.832928 12 -5.5251303 46.77282 12 -6.5925922
          44.586544 12 -7.3695946 42.314835 12 -7.8416615
          42.270355 12.451602 25.841661 44.498417 12.894791 25.369595
          46.64268 13.321311 24.592592 48.663204 13.723219 23.525131
          50.52235 14.093025 22.187092 52.185486 14.423843 20.603403
          53.621624 14.70951 18.803566 54.80402 14.944703 16.821106
          55.710648 15.125042 14.692953 56.32461 15.247168 12.458752
          56.63448 15.308804 10.160121 56.63448 15.308804 7.839879
          56.32461 15.247168 5.541248 55.710648 15.125042 3.3070464
          54.80402 14.944703 1.1788945 53.621624 14.70951 -0.803565
          52.185486 14.423843 -2.603403 50.52235 14.093025 -4.187092
          48.663204 13.723219 -5.5251303 46.64268 13.321311 -6.5925922
          44.498417 12.894791 -7.3695946 42.270355 12.451602 -7.8416615
          42.138626 12.885848 25.841661 44.237415 13.755195 25.369595
          46.257267 14.5918455 24.592592 48.16056 15.380215 23.525131
          49.911835 16.105618 22.187092 51.478474 16.75454 20.603403
          52.83129 17.314894 18.803566 53.945084 17.776241 16.821106
          54.799103 18.12999 14.692953 55.37745 18.369547 12.458752
          55.66934 18.490452 10.160121 55.66934 18.490452 7.839879
          55.37745 18.369547 5.541248 54.799103 18.12999 3.3070464
          53.945084 17.776241 1.1788945 52.83129 17.314894 -0.803565
          51.478474 16.75454 -2.603403 49.911835 16.105618 -4.187092
          48.16056 15.380215 -5.5251303 46.257267 14.5918455 -6.5925922
          44.237415 13.755195 -7.3695946 42.138626 12.885848 -7.8416615
          41.924713 13.286053 25.841661 43.813572 14.548148 25.369595
          45.631393 15.762776 24.592592 47.34431 16.90731 23.525131
          48.920418 17.960432 22.187092 50.330353 18.902523 20.603403
          51.547855 19.71603 18.803566 52.550243 20.385803 16.821106
          53.318844 20.899366 14.692953 53.839336 21.24715 12.458752
          54.10203 21.422676 10.160121 54.10203 21.422676 7.839879
          53.839336 21.24715 5.541248 53.318844 20.899366 3.3070464
          52.550243 20.385803 1.1788945 51.547855 19.71603 -0.803565
          50.330353 18.902523 -2.603403 48.920418 17.960432 -4.187092
          47.34431 16.90731 -5.5251303 45.631393 15.762776 -6.5925922
          43.813572 14.548148 -7.3695946 41.924713 13.286053 -7.8416615
          41.636833 13.636834 25.841661 43.243176 15.243177 25.369595
          44.789104 16.789106 24.592592 46.245823 18.245823 23.525131
          47.586193 19.586191 22.187092 48.785244 20.785244 20.603403
          49.820644 21.820644 18.803566 50.673103 22.673103 16.821106
          51.326744 23.326744 14.692953 51.76939 23.76939 12.458752
          51.99279 23.992792 10.160121 51.99279 23.992792 7.839879
          51.76939 23.76939 5.541248 51.326744 23.326744 3.3070464
          50.673103 22.673103 1.1788945 49.820644 21.820644 -0.803565
          48.785244 20.785244 -2.603403 47.586193 19.586191 -4.187092
          46.245823 18.245823 -5.5251303 44.789104 16.789106 -6.5925922
          43.243176 15.243177 -7.3695946 41.636833 13.636834 -7.8416615
          41.286053 13.924713 25.841661 42.54815 15.813573 25.369595
          43.762775 17.631393 24.592592 44.90731 19.34431 23.525131
          45.960434 20.920418 22.187092 46.902523 22.330355 20.603403
          47.71603 23.547855 18.803566 48.385803 24.550243 16.821106
          48.89937 25.318844 14.692953 49.24715 25.839336 12.458752
          49.422676 26.102032 10.160121 49.422676 26.102032 7.839879
          49.24715 25.839336 5.541248 48.89937 25.318844 3.3070464
          48.385803 24.550243 1.1788945 47.71603 23.547855 -0.803565
          46.902523 22.330355 -2.603403 45.960434 20.920418 -4.187092
          44.90731 19.34431 -5.5251303 43.762775 17.631393 -6.5925922
          42.54815 15.813573 -7.3695946 41.286053 13.924713 -7.8416615
          40.88585 14.138627 25.841661 41.755196 16.237415 25.369595
          42.591846 18.257269 24.592592 43.380215 20.16056 23.525131
          44.105618 21.911837 22.187092 44.75454 23.478474 20.603403
          45.314896 24.831291 18.803566 45.77624 25.945084 16.821106
          46.12999 26.799105 14.692953 46.36955 27.377449 12.458752
          46.49045 27.669338 10.160121 46.49045 27.669338 7.839879
          46.36955 27.377449 5.541248 46.12999 26.799105 3.3070464
          45.77624 25.945084 1.1788945 45.314896 24.831291 -0.803565
          44.75454 23.478474 -2.603403 44.105618 21.911837 -4.187092
          43.380215 20.16056 -5.5251303 42.591846 18.257269 -6.5925922
          41.755196 16.237415 -7.3695946 40.88585 14.138627 -7.8416615
          40.451603 14.270354 25.841661 40.89479 16.498417 25.369595
          41.321312 18.642681 24.592592 41.723217 20.663204 23.525131
          42.093025 22.52235 22.187092 42.423843 24.185484 20.603403
          42.70951 25.621624 18.803566 42.944702 26.80402 16.821106
          43.125042 27.710646 14.692953 43.247166 28.324612 12.458752
          43.308804 28.63448 10.160121 43.308804 28.63448 7.839879
          43.247166 28.324612 5.541248 43.125042 27.710646 3.3070464
          42.944702 26.80402 1.1788945 42.70951 25.621624 -0.803565
          42.423843 24.185484 -2.603403 42.093025 22.52235 -4.187092
          41.723217 20.663204 -5.5251303 41.321312 18.642681 -6.5925922
          40.89479 16.498417 -7.3695946 40.451603 14.270354 -7.8416615
          40 14.314833 25.841661 40 16.586544 25.369595
          40 18.77282 24.592592 40 20.832928 23.525131
          40 22.728495 22.187092 40 24.424212 20.603403
          40 25.888489 18.803566 40 27.094048 16.821106
          40 28.018436 14.692953 40 28.64443 12.458752
          40 28.96037 10.160121 40 28.96037 7.839879
          40 28.64443 5.541248 40 28.018436 3.3070464
          40 27.094048 1.1788945 40 25.888489 -0.803565
          40 24.424212 -2.603403 40 22.728495 -4.187092
          40 20.832928 -5.5251303 40 18.77282 -6.5925922
          40 16.586544 -7.3695946 40 14.314833 -7.8416615
          39.548397 14.270354 25.841661 39.10521 16.498417 25.369595
          38.678688 18.642681 24.592592 38.276783 20.663204 23.525131
          37.906975 22.52235 22.187092 37.576157 24.185484 20.603403
          37.29049 25.621624 18.803566 37.055298 26.80402 16.821106
          36.874958 27.710646 14.692953 36.752834 28.324612 12.458752
          36.691196 28.63448 10.160121 36.691196 28.63448 7.839879
          36.752834 28.324612 5.541248 36.874958 27.710646 3.3070464
          37.055298 26.80402 1.1788945 37.29049 25.621624 -0.803565
          37.576157 24.185484 -2.603403 37.906975 22.52235 -4.187092
          38.276783 20.663204 -5.5251303 38.678688 18.642681 -6.5925922
          39.10521 16.498417 -7.3695946 39.548397 14.270354 -7.8416615
          39.11415 14.138627 25.841661 38.244804 16.237415 25.369595
          37.408154 18.257269 24.592592 36.619785 20.16056 23.525131
          35.894382 21.911837 22.187092 35.24546 23.478474 20.603403
          34.685104 24.831291 18.803566 34.22376 25.945084 16.821106
          33.87001 26.799105 14.692953 33.63045 27.377449 12.458752
          33.50955 27.669338 10.160121 33.50955 27.669338 7.839879
          33.63045 27.377449 5.541248 33.87001 26.799105 3.3070464
          34.22376 25.945084 1.1788945 34.685104 24.831291 -0.803565
          35.24546 23.478474 -2.603403 35.894382 21.911837 -4.187092
          36.619785 20.16056 -5.5251303 37.408154 18.257269 -6.5925922
          38.244804 16.237415 -7.3695946 39.11415 14.138627 -7.8416615
          38.713947 13.924713 25.841661 37.45185 15.813573 25.369595
          36.237225 17.631393 24.592592 35.09269 19.34431 23.525131
          34.039566 20.920418 22.187092 33.097477 22.330355 20.603403
          32.28397 23.547855 18.803566 31.614197 24.550243 16.821106
          31.100634 25.318844 14.692953 30.75285 25.839336 12.458752
          30.577324 26.102032 10.160121 30.577324 26.102032 7.839879
          30.75285 25.839336 5.541248 31.100634 25.318844 3.3070464
          31.614197 24.550243 1.1788945 32.28397 23.547855 -0.803565
          33.097477 22.330355 -2.603403 34.039566 20.920418 -4.187092
          35.09269 19.34431 -5.5251303 36.237225 17.631393 -6.5925922
          37.45185 15.813573 -7.3695946 38.713947 13.924713 -7.8416615
          38.363167 13.636834 25.841661 36.756824 15.243177 25.369595
          35.210896 16.789106 24.592592 33.754177 18.245823 23.525131
          32.413807 19.586191 22.187092 31.214756 20.785244 20.603403
          30.179356 21.820644 18.803566 29.326897 22.673103 16.821106
          28.673256 23.326744 14.692953 28.23061 23.76939 12.458752
          28.007208 23.992792 10.160121 28.007208 23.992792 7.839879
          28.23061 23.76939 5.541248 28.673256 23.326744 3.3070464
          29.326897 22.673103 1.1788945 30.179356 21.820644 -0.803565
          31.214756 20.785244 -2.603403 32.413807 19.586191 -4.187092
          33.754177 18.245823 -5.5251303 35.210896 16.789106 -6.5925922
          36.756824 15.243177 -7.3695946 38.363167 13.636834 -7.8416615
          38.075287 13.286053 25.841661 36.186428 14.548148 25.369595
          34.368607 15.762776 24.592592 32.65569 16.90731 23.525131
          31.079582 17.960432 22.187092 29.669645 18.902523 20.603403
          28.452145 19.71603 18.803566 27.449757 20.385803 16.821106
          26.681156 20.899366 14.692953 26.160664 21.24715 12.458752
          25.897968 21.422676 10.160121 25.897968 21.422676 7.839879
          26.160664 21.24715 5.541248 26.681156 20.899366 3.3070464
          27.449757 20.385803 1.1788945 28.452145 19.71603 -0.803565
          29.669645 18.902523 -2.603403 31.079582 17.960432 -4.187092
          32.65569 16.90731 -5.5251303 34.368607 15.762776 -6.5925922
          36.186428 14.548148 -7.3695946 38.075287 13.286053 -7.8416615
          37.861374 12.885848 25.841661 35.762585 13.755195 25.369595
          33.742733 14.5918455 24.592592 31.83944 15.380215 23.525131
          30.088163 16.105618 22.187092 28.521526 16.75454 20.603403
          27.168709 17.314894 18.803566 26.054916 17.776241 16.821106
          25.200895 18.12999 14.692953 24.622551 18.369547 12.458752
          24.330662 18.490452 10.160121 24.330662 18.490452 7.839879
          24.622551 18.369547 5.541248 25.200895 18.12999 3.3070464
          26.054916 17.776241 1.1788945 27.168709 17.314894 -0.803565
          28.521526 16.75454 -2.603403 30.088163 16.105618 -4.187092
          31.83944 15.380215 -5.5251303 33.742733 14.5918455 -6.5925922
          35.762585 13.755195 -7.3695946 37.861374 12.885848 -7.8416615
          37.729645 12.451602 25.841661 35.501583 12.894791 25.369595
          33.35732 13.321311 24.592592 31.336796 13.723219 23.525131
          29.47765 14.093025 22.187092 27.814516 14.423843 20.603403
          26.378376 14.70951 18.803566 25.19598 14.944703 16.821106
          24.289354 15.125042 14.692953 23.675388 15.247168 12.458752
          23.36552 15.308804 10.160121 23.36552 15.308804 7.839879
          23.675388 15.247168 5.541248 24.289354 15.125042 3.3070464
          25.19598 14.944703 1.1788945 26.378376 14.70951 -0.803565
          27.814516 14.423843 -2.603403 29.47765 14.093025 -4.187092
          31.336796 13.723219 -5.5251303 33.35732 13.321311 -6.5925922
          35.501583 12.894791 -7.3695946 37.729645 12.451602 -7.8416615
          37.685165 12 25.841661 35.413456 12 25.369595
          33.22718 12 24.592592 31.167072 12 23.525131
          29.271505 12 22.187092 27.575788 12 20.603403
          26.111511 12 18.803566 24.905952 12 16.821106
          23.981564 12 14.692953 23.35557 12 12.458752
          23.03963 12 10.160121 23.03963 12 7.839879
          23.35557 12 5.541248 23.981564 12 3.3070464
          24.905952 12 1.1788945 26.111511 12 -0.803565
          27.575788 12 -2.603403 29.271505 12 -4.187092
          31.167072 12 -5.5251303 33.22718 12 -6.5925922
          35.413456 12 -7.3695946 37.685165 12 -7.8416615
          37.729645 11.548398 25.841661 35.501583 11.105209 25.369595
          33.35732 10.678689 24.592592 31.336796 10.276781 23.525131
          29.47765 9.906975 22.187092 27.814516 9.576157 20.603403
          26.378376 9.29049 18.803566 25.19598 9.055297 16.821106
          24.289354 8.874958 14.692953 23.675388 8.752832 12.458752
          23.36552 8.691196 10.160121 23.36552 8.691196 7.839879
          23.675388 8.752832 5.541248 24.289354 8.874958 3.3070464
          25.19598 9.055297 1.1788945 26.378376 9.29049 -0.803565
          27.814516 9.576157 -2.603403 29.47765 9.906975 -4.187092
          31.336796 10.276781 -5.5251303 33.35732 10.678689 -6.5925922
          35.501583 11.105209 -7.3695946 37.729645 11.548398 -7.8416615
          37.861374 11.114152 25.841661 35.762585 10.244805 25.369595
          33.742733 9.4081545 24.592592 31.83944 8.619785 23.525131
          30.088163 7.8943825 22.187092 28.521526 7.24546 20.603403
          27.168709 6.685106 18.803566 26.054916 6.2237577 16.821106
          25.200895 5.87001 14.692953 24.622551 5.6304526 12.458752
          24.330662 5.5095477 10.160121 24.330662 5.5095477 7.839879
          24.622551 5.6304526 5.541248 25.200895 5.87001 3.3070464
          26.054916 6.2237577 1.1788945 27.168709 6.685106 -0.803565
          28.521526 7.24546 -2.603403 30.088163 7.8943825 -4.187092
          31.83944 8.619785 -5.5251303 33.742733 9.4081545 -6.5925922
          35.762585 10.244805 -7.3695946 37.861374 11.114152 -7.8416615
          38.075287 10.713947 25.841661 36.186428 9.451852 25.369595
          34.368607 8.237224 24.592592 32.65569 7.0926886 23.525131
          31.079582 6.0395675 22.187092 29.669645 5.097478 20.603403
          28.452145 4.2839694 18.803566 27.449757 3.6141958 16.821106
          26.681156 3.1006336 14.692953 26.160664 2.7528505 12.458752
          25.897968 2.577324 10.160121 25.897968 2.577324 7.839879
          26.160664 2.7528505 5.541248 26.681156 3.1006336 3.3070464
          27.449757 3.6141958 1.1788945 28.452145 4.2839694 -0.803565
          29.669645 5.097478 -2.603403 31.079582 6.0395675 -4.187092
          32.65569 7.0926886 -5.5251303 34.368607 8.237224 -6.5925922
          36.186428 9.451852 -7.3695946 38.075287 10.713947 -7.8416615
          38.363167 10.363166 25.841661 36.756824 8.756823 25.369595
          35.210896 7.210894 24.592592 33.754177 5.754177 23.525131
          32.413807 4.4138083 22.187092 31.214756 3.214756 20.603403
          30.179356 2.1793556 18.803566 29.326897 1.3268957 16.821106
          28.673256 0.6732559 14.692953 28.23061 0.23061085 12.458752
          28.007208 0.0072078705 10.160121 28.007208 0.0072078705 7.839879
          28.23061 0.23061085 5.541248 28.673256 0.6732559 3.3070464
          29.326897 1.3268957 1.1788945 30.179356 2.1793556 -0.803565
          31.214756 3.214756 -2.603403 32.413807 4.4138083 -4.187092
          33.754177 5.754177 -5.5251303 35.210896 7.210894 -6.5925922
          36.756824 8.756823 -7.3695946 38.363167 10.363166 -7.8416615
          38.713947 10.075287 25.841661 37.45185 8.186427 25.369595
          36.237225 6.368607 24.592592 35.09269 4.6556897 23.525131
          34.039566 3.0795822 22.187092 33.097477 1.6696453 20.603403
          32.28397 0.45214367 18.803566 31.614197 -0.5502424 16.821106
          31.100634 -1.3188429 14.692953 30.75285 -1.8393373 12.458752
          30.577324 -2.1020317 10.160121 30.577324 -2.1020317 7.839879
          30.75285 -1.8393373 5.541248 31.100634 -1.3188429 3.3070464
          31.614197 -0.5502424 1.1788945 32.28397 0.45214367 -0.803565
          33.097477 1.6696453 -2.603403 34.039566 3.0795822 -4.187092
          35.09269 4.6556897 -5.5251303 36.237225 6.368607 -6.5925922
          37.45185 8.186427 -7.3695946 38.713947 10.075287 -7.8416615
          39.11415 9.861373 25.841661 38.244804 7.7625847 25.369595
          37.408154 5.7427316 24.592592 36.619785 3.8394394 23.525131
          35.894382 2.0881634 22.187092 35.24546 0.5215254 20.603403
          34.685104 -0.83129025 18.803566 34.22376 -1.9450827 16.821106
          33.87001 -2.7991047 14.692953 33.63045 -3.377448 12.458752
          33.50955 -3.6693382 10.160121 33.50955 -3.6693382 7.839879
          33.63045 -3.377448 5.541248 33.87001 -2.7991047 3.3070464
          34.22376 -1.9450827 1.1788945 34.685104 -0.83129025 -0.803565
          35.24546 0.5215254 -2.603403 35.894382 2.0881634 -4.187092
          36.619785 3.8394394 -5.5251303 37.408154 5.7427316 -6.5925922
          38.244804 7.7625847 -7.3695946 39.11415 9.861373 -7.8416615
          39.548397 9.729646 25.841661 39.10521 7.501584 25.369595
          38.678688 5.3573194 24.592592 38.276783 3.3367949 23.525131
          37.906975 1.4776497 22.187092 37.576157 -0.18548393 20.603403
          37.29049 -1.621625 18.803566 37.055298 -2.804021 16.821106
          36.874958 -3.7106457 14.692953 36.752834 -4.3246117 12.458752
          36.691196 -4.6344795 10.160121 36.691196 -4.6344795 7.839879
          36.752834 -4.3246117 5.541248 36.874958 -3.7106457 3.3070464
          37.055298 -2.804021 1.1788945 37.29049 -1.621625 -0.803565
          37.576157 -0.18548393 -2.603403 37.906975 1.4776497 -4.187092
          38.276783 3.3367949 -5.5251303 38.678688 5.3573194 -6.5925922
          39.10521 7.501584 -7.3695946 39.548397 9.729646 -7.8416615
          40 9.685167 25.841661 40 7.413455 25.369595
          40 5.2271814 24.592592 40 3.1670732 23.525131
          40 1.2715054 22.187092 40 -0.4242115 20.603403
          40 -1.8884878 18.803566 40 -3.0940485 16.821106
          40 -4.0184364 14.692953 40 -4.64443 12.458752
          40 -4.960369 10.160121 40 -4.960369 7.839879
          40 -4.64443 5.541248 40 -4.0184364 3.3070464
          40 -3.0940485 1.1788945 40 -1.8884878 -0.803565
          40 -0.4242115 -2.603403 40 1.2715054 -4.187092
          40 3.1670732 -5.5251303 40 5.2271814 -6.5925922
          40 7.413455 -7.3695946 40 9.685167 -7.8416615
          40.451603 9.729646 25.841661 40.89479 7.501584 25.369595
          41.321312 5.3573194 24.592592 41.723217 3.3367949 23.525131
          42.093025 1.4776497 22.187092 42.423843 -0.18548393 20.603403
          42.70951 -1.621625 18.803566 42.944702 -2.804021 16.821106
          43.125042 -3.7106457 14.692953 43.247166 -4.3246117 12.458752
          43.308804 -4.6344795 10.160121 43.308804 -4.6344795 7.839879
          43.247166 -4.3246117 5.541248 43.125042 -3.7106457 3.3070464
          42.944702 -2.804021 1.1788945 42.70951 -1.621625 -0.803565
          42.423843 -0.18548393 -2.603403 42.093025 1.4776497 -4.187092
          41.723217 3.3367949 -5.5251303 41.321312 5.3573194 -6.5925922
          40.89479 7.501584 -7.3695946 40.451603 9.729646 -7.8416615
          40.88585 9.861373 25.841661 41.755196 7.7625847 25.369595
          42.591846 5.7427316 24.592592 43.380215 3.8394394 23.525131
          44.105618 2.0881634 22.187092 44.75454 0.5215254 20.603403
          45.314896 -0.83129025 18.803566 45.77624 -1.9450827 16.821106
          46.12999 -2.7991047 14.692953 46.36955 -3.377448 12.458752
          46.49045 -3.6693382 10.160121 46.49045 -3.6693382 7.839879
          46.36955 -3.377448 5.541248 46.12999 -2.7991047 3.3070464
          45.77624 -1.9450827 1.1788945 45.314896 -0.83129025 -0.803565
          44.75454 0.5215254 -2.603403 44.105618 2.0881634 -4.187092
          43.380215 3.8394394 -5.5251303 42.591846 5.7427316 -6.5925922
          41.755196 7.7625847 -7.3695946 40.88585 9.861373 -7.8416615
          41.286053 10.075287 25.841661 42.54815 8.186427 25.369595
          43.762775 6.368607 24.592592 44.90731 4.6556897 23.525131
          45.960434 3.0795822 22.187092 46.902523 1.6696453 20.603403
          47.71603 0.45214367 18.803566 48.385803 -0.5502424 16.821106
          48.89937 -1.3188429 14.692953 49.24715 -1.8393373 12.458752
          49.422676 -2.1020317 10.160121 49.422676 -2.1020317 7.839879
          49.24715 -1.8393373 5.541248 48.89937 -1.3188429 3.3070464
          48.385803 -0.5502424 1.1788945 47.71603 0.45214367 -0.803565
          46.902523 1.6696453 -2.603403 45.960434 3.0795822 -4.187092
          44.90731 4.6556897 -5.5251303 43.762775 6.368607 -6.5925922
          42.54815 8.186427 -7.3695946 41.286053 10.075287 -7.8416615
          41.636833 10.363166 25.841661 43.243176 8.756823 25.369595
          44.789104 7.210894 24.592592 46.245823 5.754177 23.525131
          47.586193 4.4138083 22.187092 48.785244 3.214756 20.603403
          49.820644 2.1793556 18.803566 50.673103 1.3268957 16.821106
          51.326744 0.6732559 14.692953 51.76939 0.23061085 12.458752
          51.99279 0.0072078705 10.160121 51.99279 0.0072078705 7.839879
          51.76939 0.23061085 5.541248 51.326744 0.6732559 3.3070464
          50.673103 1.3268957 1.1788945 49.820644 2.1793556 -0.803565
          48.785244 3.214756 -2.603403 47.586193 4.4138083 -4.187092
          46.245823 5.754177 -5.5251303 44.789104 7.210894 -6.5925922
          43.243176 8.756823 -7.3695946 41.636833 10.363166 -7.8416615
          41.924713 10.713947 25.841661 43.813572 9.451852 25.369595
          45.631393 8.237224 24.592592 47.34431 7.0926886 23.525131
          48.920418 6.0395675 22.187092 50.330353 5.097478 20.603403
          51.547855 4.2839694 18.803566 52.550243 3.6141958 16.821106
          53.318844 3.1006336 14.692953 53.839336 2.7528505 12.458752
          54.10203 2.577324 10.160121 54.10203 2.577324 7.839879
          53.839336 2.7528505 5.541248 53.318844 3.1006336 3.3070464
          52.550243 3.6141958 1.1788945 51.547855 4.2839694 -0.803565
          50.330353 5.097478 -2.603403 48.920418 6.0395675 -4.187092
          47.34431 7.0926886 -5.5251303 45.631393 8.237224 -6.5925922
          43.813572 9.451852 -7.3695946 41.924713 10.713947 -7.8416615
          42.138626 11.114152 25.841661 44.237415 10.244805 25.369595
          46.257267 9.4081545 24.592592 48.16056 8.619785 23.525131
          49.911835 7.8943825 22.187092 51.478474 7.24546 20.603403
          52.83129 6.685106 18.803566 53.945084 6.2237577 16.821106
          54.799103 5.87001 14.692953 55.37745 5.6304526 12.458752
          55.66934 5.5095477 10.160121 55.66934 5.5095477 7.839879
          55.37745 5.6304526 5.541248 54.799103 5.87001 3.3070464
          53.945084 6.2237577 1.1788945 52.83129 6.685106 -0.803565
          51.478474 7.24546 -2.603403 49.911835 7.8943825 -4.187092
          48.16056 8.619785 -5.5251303 46.257267 9.4081545 -6.5925922
          44.237415 10.244805 -7.3695946 42.138626 11.114152 -7.8416615
          42.270355 11.548398 25.841661 44.498417 11.105209 25.369595
          46.64268 10.678689 24.592592 48.663204 10.276781 23.525131
          50.52235 9.906975 22.187092 52.185486 9.576157 20.603403
          53.621624 9.29049 18.803566 54.80402 9.055297 16.821106
          55.710648 8.874958 14.692953 56.32461 8.752832 12.458752
          56.63448 8.691196 10.160121 56.63448 8.691196 7.839879
          56.32461 8.752832 5.541248 55.710648 8.874958 3.3070464
          54.80402 9.055297 1.1788945 53.621624 9.29049 -0.803565
          52.185486 9.576157 -2.603403 50.52235 9.906975 -4.187092
          48.663204 10.276781 -5.5251303 46.64268 10.678689 -6.5925922
          44.498417 11.105209 -7.3695946 42.270355 11.548398 -7.8416615
          <InformationKey name="L2_NORM_RANGE" location="vtkDataArray" length="2">
            <Value index="0">
              25.842629816
            </Value>
            <Value index="1">
              59.667063711
            </Value>
          </InformationKey>
        </DataArray>
      </Points>
      <Cells>
        <DataArray type="Int64" IdType="1" Name="connectivity" format="ascii" RangeMin="0" RangeMax="705">
          2 24 0 24 46 0
          46 68 0 68 90 0
          90 112 0 112 134 0
          134 156 0 156 178 0
          178 200 0 200 222 0
          222 244 0 244 266 0
          266 288 0 288 310 0
          310 332 0 332 354 0
          354 376 0 376 398 0
          398 420 0 420 442 0
          442 464 0 464 486 0
          486 508 0 508 530 0
          530 552 0 552 574 0
          574 596 0 596 618 0
          618 640 0 640 662 0
          662 684 0 684 2 0
          23 1 45 45 1 67
          67 1 89 89 1 111
          111 1 133 133 1 155
          155 1 177 177 1 199
          199 1 221 221 1 243
          243 1 265 265 1 287
          287 1 309 309 1 331
          331 1 353 353 1 375
          375 1 397 397 1 419
          419 1 441 441 1 463
          463 1 485 485 1 507
          507 1 529 529 1 551
          551 1 573 573 1 595
          595 1 617 617 1 639
          639 1 661 661 1 683
          683 1 705 705 1 23
          2 3 25 2 25 24
          3 4 26 3 26 25
          4 5 27 4 27 26
          5 6 28 5 28 27
          6 7 29 6 29 28
          7 8 30 7 30 29
          8 9 31 8 31 30
          9 10 32 9 32 31
          10 11 33 10 33 32
          11 12 34 11 34 33
          12 13 35 12 35 34
          13 14 36 13 36 35
          14 15 37 14 37 36
          15 16 38 15 38 37
          16 17 39 16 39 38
          17 18 40 17 40 39
          18 19 41 18 41 40
          19 20 42 19 42 41
          20 21 43 20 43 42
          21 22 44 21 44 43
          22 23 45 22 45 44
          24 25 47 24 47 46
          25 26 48 25 48 47
          26 27 49 26 49 48
          27 28 50 27 50 49
          28 29 51 28 51 50
          29 30 52 29 52 51
          30 31 53 30 53 52
          31 32 54 31 54 53
          32 33 55 32 55 54
          33 34 56 33 56 55
          34 35 57 34 57 56
          35 36 58 35 58 57
          36 37 59 36 59 58
          37 38 60 37 60 59
          38 39 61 38 61 60
          39 40 62 39 62 61
          40 41 63 40 63 62
          41 42 64 41 64 63
          42 43 65 42 65 64
          43 44 66 43 66 65
          44 45 67 44 67 66
          46 47 69 46 69 68
          47 48 70 47 70 69
          48 49 71 48 71 70
          49 50 72 49 72 71
          50 51 73 50 73 72
          51 52 74 51 74 73
          52 53 75 52 75 74
          53 54 76 53 76 75
          54 55 77 54 77 76
          55 56 78 55 78 77
          56 57 79 56 79 78
          57 58 80 57 80 79
          58 59 81 58 81 80
          59 60 82 59 82 81
          60 61 83 60 83 82
          61 62 84 61 84 83
          62 63 85 62 85 84
          63 64 86 63 86 85
          64 65 87 64 87 86
          65 66 88 65 88 87
          66 67 89 66 89 88
          68 69 91 68 91 90
          69 70 92 69 92 91
          70 71 93 70 93 92
          71 72 94 71 94 93
          72 73 95 72 95 94
          73 74 96 73 96 95
          74 75 97 74 97 96
          75 76 98 75 98 97
          76 77 99 76 99 98
          77 78 100 77 100 99
          78 79 101 78 101 100
          79 80 102 79 102 101
          80 81 103 80 103 102
          81 82 104 81 104 103
          82 83 105 82 105 104
          83 84 106 83 106 105
          84 85 107 84 107 106
          85 86 108 85 108 107
          86 87 109 86 109 108
          87 88 110 87 110 109
          88 89 111 88 111 110
          90 91 113 90 113 112
          91 92 114 91 114 113
          92 93 115 92 115 114
          93 94 116 93 116 115
          94 95 117 94 117 116
          95 96 118 95 118 117
          96 97 119 96 119 118
          97 98 120 97 120 119
          98 99 121 98 121 120
          99 100 122 99 122 121
          100 101 123 100 123 122
          101 102 124 101 124 123
          102 103 125 102 125 124
          103 104 126 103 126 125
          104 105 127 104 127 126
          105 106 128 105 128 127
          106 107 129 106 129 128
          107 108 130 107 130 129
          108 109 131 108 131 130
          109 110 132 109 132 131
          110 111 133 110 133 132
          112 113 135 112 135 134
          113 114 136 113 136 135
          114 115 137 114 137 136
          115 116 138 115 138 137
          116 117 139 116 139 138
          117 118 140 117 140 139
          118 119 141 118 141 140
          119 120 142 119 142 141
          120 121 143 120 143 142
          121 122 144 121 144 143
          122 123 145 122 145 144
          123 124 146 123 146 145
          124 125 147 124 147 146
          125 126 148 125 148 147
          126 127 149 126 149 148
          127 128 150 127 150 149
          128 129 151 128 151 150
          129 130 152 129 152 151
          130 131 153 130 153 152
          131 132 154 131 154 153
          132 133 155 132 155 154
          134 135 157 134 157 156
          135 136 158 135 158 157
          136 137 159 136 159 158
          137 138 160 137 160 159
          138 139 161 138 161 160
          139 140 162 139 162 161
          140 141 163 140 163 162
          141 142 164 141 164 163
          142 143 165 142 165 164
          143 144 166 143 166 165
          144 145 167 144 167 166
          145 146 168 145 168 167
          146 147 169 146 169 168
          147 148 170 147 170 169
          148 149 171 148 171 170
          149 150 172 149 172 171
          150 151 173 150 173 172
          151 152 174 151 174 173
          152 153 175 152 175 174
          153 154 176 153 176 175
          154 155 177 154 177 176
          156 157 179 156 179 178
          157 158 180 157 180 179
          158 159 181 158 181 180
          159 160 182 159 182 181
          160 161 183 160 183 182
          161 162 184 161 184 183
          162 163 185 162 185 184
          163 164 186 163 186 185
          164 165 187 164 187 186
          165 166 188 165 188 187
          166 167 189 166 189 188
          167 168 190 167 190 189
          168 169 191 168 191 190
          169 170 192 169 192 191
          170 171 193 170 193 192
          171 172 194 171 194 193
          172 173 195 172 195 194
          173 174 196 173 196 195
          174 175 197 174 197 196
          175 176 198 175 198 197
          176 177 199 176 199 198
          178 179 201 178 201 200
          179 180 202 179 202 201
          180 181 203 180 203 202
          181 182 204 181 204 203
          182 183 205 182 205 204
          183 184 206 183 206 205
          184 185 207 184 207 206
          185 186 208 185 208 207
          186 187 209 186 209 208
          187 188 210 187 210 209
          188 189 211 188 211 210
          189 190 212 189 212 211
          190 191 213 190 213 212
          191 192 214 191 214 213
          192 193 215 192 215 214
          193 194 216 193 216 215
          194 195 217 194 217 216
          195 196 218 195 218 217
          196 197 219 196 219 218
          197 198 220 197 220 219
          198 199 221 198 221 220
          200 201 223 200 223 222
          201 202 224 201 224 223
          202 203 225 202 225 224
          203 204 226 203 226 225
          204 205 227 204 227 226
          205 206 228 205 228 227
          206 207 229 206 229 228
          207 208 230 207 230 229
          208 209 231 208 231 230
          209 210 232 209 232 231
          210 211 233 210 233 232
          211 212 234 211 234 233
          212 213 235 212 235 234
          213 214 236 213 236 235
          214 215 237 214 237 236
          215 216 238 215 238 237
          216 217 239 216 239 238
          217 218 240 217 240 239
          218 219 241 218 241 240
          219 220 242 219 242 241
          220 221 243 220 243 242
          222 223 245 222 245 244
          223 224 246 223 246 245
          224 225 247 224 247 246
          225 226 248 225 248 247
          226 227 249 226 249 248
          227 228 250 227 250 249
          228 229 251 228 251 250
          229 230 252 229 252 251
          230 231 253 230 253 252
          231 232 254 231 254 253
          232 233 255 232 255 254
          233 234 256 233 256 255
          234 235 257 234 257 256
          235 236 258 235 258 257
          236 237 259 236 259 258
          237 238 260 237 260 259
          238 239 261 238 261 260
          239 240 262 239 262 261
          240 241 263 240 263 262
          241 242 264 241 264 263
          242 243 265 242 265 264
          244 245 267 244 267 266
          245 246 268 245 268 267
          246 247 269 246 269 268
          247 248 270 247 270 269
          248 249 271 248 271 270
          249 250 272 249 272 271
          250 251 273 250 273 272
          251 252 274 251 274 273
          252 253 275 252 275 274
          253 254 276 253 276 275
          254 255 277 254 277 276
          255 256 278 255 278 277
          256 257 279 256 279 278
          257 258 280 257 280 279
          258 259 281 258 281 280
          259 260 282 259 282 281
          260 261 283 260 283 282
          261 262 284 261 284 283
          262 263 285 262 285 284
          263 264 286 263 286 285
          264 265 287 264 287 286
          266 267 289 266 289 288
          267 268 290 267 290 289
          268 269 291 268 291 290
          269 270 292 269 292 291
          270 271 293 270 293 292
          271 272 294 271 294 293
          272 273 295 272 295 294
          273 274 296 273 296 295
          274 275 297 274 297 296
          275 276 298 275 298 297
          276 277 299 276 299 298
          277 278 300 277 300 299
          278 279 301 278 301 300
          279 280 302 279 302 301
          280 281 303 280 303 302
          281 282 304 281 304 303
          282 283 305 282 305 304
          283 284 306 283 306 305
          284 285 307 284 307 306
          285 286 308 285 308 307
          286 287 309 286 309 308
          288 289 311 288 311 310
          289 290 312 289 312 311
          290 291 313 290 313 312
          291 292 314 291 314 313
          292 293 315 292 315 314
          293 294 316 293 316 315
          294 295 317 294 317 316
          295 296 318 295 318 317
          296 297 319 296 319 318
          297 298 320 297 320 319
          298 299 321 298 321 320
          299 300 322 299 322 321
          300 301 323 300 323 322
          301 302 324 301 324 323
          302 303 325 302 325 324
          303 304 326 303 326 325
          304 305 327 304 327 326
          305 306 328 305 328 327
          306 307 329 306 329 328
          307 308 330 307 330 329
          308 309 331 308 331 330
          310 311 333 310 333 332
          311 312 334 311 334 333
          312 313 335 312 335 334
          313 314 336 313 336 335
          314 315 337 314 337 336
          315 316 338 315 338 337
          316 317 339 316 339 338
          317 318 340 317 340 339
          318 319 341 318 341 340
          319 320 342 319 342 341
          320 321 343 320 343 342
          321 322 344 321 344 343
          322 323 345 322 345 344
          323 324 346 323 346 345
          324 325 347 324 347 346
          325 326 348 325 348 347
          326 327 349 326 349 348
          327 328 350 327 350 349
          328 329 351 328 351 350
          329 330 352 329 352 351
          330 331 353 330 353 352
          332 333 355 332 355 354
          333 334 356 333 356 355
          334 335 357 334 357 356
          335 336 358 335 358 357
          336 337 359 336 359 358
          337 338 360 337 360 359
          338 339 361 338 361 360
          339 340 362 339 362 361
          340 341 363 340 363 362
          341 342 364 341 364 363
          342 343 365 342 365 364
          343 344 366 343 366 365
          344 345 367 344 367 366
          345 346 368 345 368 367
          346 347 369 346 369 368
          347 348 370 347 370 369
          348 349 371 348 371 370
          349 350 372 349 372 371
          350 351 373 350 373 372
          351 352 374 351 374 373
          352 353 375 352 375 374
          354 355 377 354 377 376
          355 356 378 355 378 377
          356 357 379 356 379 378
          357 358 380 357 380 379
          358 359 381 358 381 380
          359 360 382 359 382 381
          360 361 383 360 383 382
          361 362 384 361 384 383
          362 363 385 362 385 384
          363 364 386 363 386 385
          364 365 387 364 387 386
          365 366 388 365 388 387
          366 367 389 366 389 388
          367 368 390 367 390 389
          368 369 391 368 391 390
          369 370 392 369 392 391
          370 371 393 370 393 392
          371 372 394 371 394 393
          372 373 395 372 395 394
          373 374 396 373 396 395
          374 375 397 374 397 396
          376 377 399 376 399 398
          377 378 400 377 400 399
          378 379 401 378 401 400
          379 380 402 379 402 401
          380 381 403 380 403 402
          381 382 404 381 404 403
          382 383 405 382 405 404
          383 384 406 383 406 405
          384 385 407 384 407 406
          385 386 408 385 408 407
          386 387 409 386 409 408
          387 388 410 387 410 409
          388 389 411 388 411 410
          389 390 412 389 412 411
          390 391 413 390 413 412
          391 392 414 391 414 413
          392 393 415 392 415 414
          393 394 416 393 416 415
          394 395 417 394 417 416
          395 396 418 395 418 417
          396 397 419 396 419 418
          398 399 421 398 421 420
          399 400 422 399 422 421
          400 401 423 400 423 422
          401 402 424 401 424 423
          402 403 425 402 425 424
          403 404 426 403 426 425
          404 405 427 404 427 426
          405 406 428 405 428 427
          406 407 429 406 429 428
          407 408 430 407 430 429
          408 409 431 408 431 430
          409 410 432 409 432 431
          410 411 433 410 433 432
          411 412 434 411 434 433
          412 413 435 412 435 434
          413 414 436 413 436 435
          414 415 437 414 437 436
          415 416 438 415 438 437
          416 417 439 416 439 438
          417 418 440 417 440 439
          418 419 441 418 441 440
          420 421 443 420 443 442
          421 422 444 421 444 443
          422 423 445 422 445 444
          423 424 446 423 446 445
          424 425 447 424 447 446
          425 426 448 425 448 447
          426 427 449 426 449 448
          427 428 450 427 450 449
          428 429 451 428 451 450
          429 430 452 429 452 451
          430 431 453 430 453 452
          431 432 454 431 454 453
          432 433 455 432 455 454
          433 434 456 433 456 455
          434 435 457 434 457 456
          435 436 458 435 458 457
          436 437 459 436 459 458
          437 438 460 437 460 459
          438 439 461 438 461 460
          439 440 462 439 462 461
          440 441 463 440 463 462
          442 443 465 442 465 464
          443 444 466 443 466 465
          444 445 467 444 467 466
          445 446 468 445 468 467
          446 447 469 446 469 468
          447 448 470 447 470 469
          448 449 471 448 471 470
          449 450 472 449 472 471
          450 451 473 450 473 472
          451 452 474 451 474 473
          452 453 475 452 475 474
          453 454 476 453 476 475
          454 455 477 454 477 476
          455 456 478 455 478 477
          456 457 479 456 479 478
          457 458 480 457 480 479
          458 459 481 458 481 480
          459 460 482 459 482 481
          460 461 483 460 483 482
          461 462 484 461 484 483
          462 463 485 462 485 484
          464 465 487 464 487 486
          465 466 488 465 488 487
          466 467 489 466 489 488
          467 468 490 467 490 489
          468 469 491 468 491 490
          469 470 492 469 492 491
          470 471 493 470 493 492
          471 472 494 471 494 493
          472 473 495 472 495 494
          473 474 496 473 496 495
          474 475 497 474 497 496
          475 476 498 475 498 497
          476 477 499 476 499 498
          477 478 500 477 500 499
          478 479 501 478 501 500
          479 480 502 479 502 501
          480 481 503 480 503 502
          481 482 504 481 504 503
          482 483 505 482 505 504
          483 484 506 483 506 505
          484 485 507 484 507 506
          486 487 509 486 509 508
          487 488 510 487 510 509
          488 489 511 488 511 510
          489 490 512 489 512 511
          490 491 513 490 513 512
          491 492 514 491 514 513
          492 493 515 492 515 514
          493 494 516 493 516 515
          494 495 517 494 517 516
          495 496 518 495 518 517
          496 497 519 496 519 518
          497 498 520 497 520 519
          498 499 521 498 521 520
          499 500 522 499 522 521
          500 501 523 500 523 522
          501 502 524 501 524 523
          502 503 525 502 525 524
          503 504 526 503 526 525
          504 505 527 504 527 526
          505 506 528 505 528 527
          506 507 529 506 529 528
          508 509 531 508 531 530
          509 510 532 509 532 531
          510 511 533 510 533 532
          511 512 534 511 534 533
          512 513 535 512 535 534
          513 514 536 513 536 535
          514 515 537 514 537 536
          515 516 538 515 538 537
          516 517 539 516 539 538
          517 518 540 517 540 539
          518 519 541 518 541 540
          519 520 542 519 542 541
          520 521 543 520 543 542
          521 522 544 521 544 543
          522 523 545 522 545 544
          523 524 546 523 546 545
          524 525 547 524 547 546
          525 526 548 525 548 547
          526 527 549 526 549 548
          527 528 550 527 550 549
          528 529 551 528 551 550
          530 531 553 530 553 552
          531 532 554 531 554 553
          532 533 555 532 555 554
          533 534 556 533 556 555
          534 535 557 534 557 556
          535 536 558 535 558 557
          536 537 559 536 559 558
          537 538 560 537 560 559
          538 539 561 538 561 560
          539 540 562 539 562 561
          540 541 563 540 563 562
          541 542 564 541 564 563
          542 543 565 542 565 564
          543 544 566 543 566 565
          544 545 567 544 567 566
          545 546 568 545 568 567
          546 547 569 546 569 568
          547 548 570 547 570 569
          548 549 571 548 571 570
          549 550 572 549 572 571
          550 551 573 550 573 572
          552 553 575 552 575 574
          553 554 576 553 576 575
          554 555 577 554 577 576
          555 556 578 555 578 577
          556 557 579 556 579 578
          557 558 580 557 580 579
          558 559 581 558 581 580
          559 560 582 559 582 581
          560 561 583 560 583 582
          561 562 584 561 584 583
          562 563 585 562 585 584
          563 564 586 563 586 585
          564 565 587 564 587 586
          565 566 588 565 588 587
          566 567 589 566 589 588
          567 568 590 567 590 589
          568 569 591 568 591 590
          569 570 592 569 592 591
          570 571 593 570 593 592
          571 572 594 571 594 593
          572 573 595 572 595 594
          574 575 597 574 597 596
          575 576 598 575 598 597
          576 577 599 576 599 598
          577 578 600 577 600 599
          578 579 601 578 601 600
          579 580 602 579 602 601
          580 581 603 580 603 602
          581 582 604 581 604 603
          582 583 605 582 605 604
          583 584 606 583 606 605
          584 585 607 584 607 606
          585 586 608 585 608 607
          586 587 609 586 609 608
          587 588 610 587 610 609
          588 589 611 588 611 610
          589 590 612 589 612 611
          590 591 613 590 613 612
          591 592 614 591 614 613
          592 593 615 592 615 614
          593 594 616 593 616 615
          594 595 617 594 617 616
          596 597 619 596 619 618
          597 598 620 597 620 619
          598 599 621 598 621 620
          599 600 622 599 622 621
          600 601 623 600 623 622
          601 602 624 601 624 623
          602 603 625 602 625 624
          603 604 626 603 626 625
          604 605 627 604 627 626
          605 606 628 605 628 627
          606 607 629 606 629 628
          607 608 630 607 630 629
          608 609 631 608 631 630
          609 610 632 609 632 631
          610 611 633 610 633 632
          611 612 634 611 634 633
          612 613 635 612 635 634
          613 614 636 613 636 635
          614 615 637 614 637 636
          615 616 638 615 638 637
          616 617 639 616 639 638
          618 619 641 618 641 640
          619 620 642 619 642 641
          620 621 643 620 643 642
          621 622 644 621 644 643
          622 623 645 622 645 644
          623 624 646 623 646 645
          624 625 647 624 647 646
          625 626 648 625 648 647
          626 627 649 626 649 648
          627 628 650 627 650 649
          628 629 651 628 651 650
          629 630 652 629 652 651
          630 631 653 630 653 652
          631 632 654 631 654 653
          632 633 655 632 655 654
          633 634 656 633 656 655
          634 635 657 634 657 656
          635 636 658 635 658 657
          636 637 659 636 659 658
          637 638 660 637 660 659
          638 639 661 638 661 660
          640 641 663 640 663 662
          641 642 664 641 664 663
          642 643 665 642 665 664
          643 644 666 643 666 665
          644 645 667 644 667 666
          645 646 668 645 668 667
          646 647 669 646 669 668
          647 648 670 647 670 669
          648 649 671 648 671 670
          649 650 672 649 672 671
          650 651 673 650 673 672
          651 652 674 651 674 673
          652 653 675 652 675 674
          653 654 676 653 676 675
          654 655 677 654 677 676
          655 656 678 655 678 677
          656 657 679 656 679 678
          657 658 680 657 680 679
          658 659 681 658 681 680
          659 660 682 659 682 681
          660 661 683 660 683 682
          662 663 685 662 685 684
          663 664 686 663 686 685
          664 665 687 664 687 686
          665 666 688 665 688 687
          666 667 689 666 689 688
          667 668 690 667 690 689
          668 669 691 668 691 690
          669 670 692 669 692 691
          670 671 693 670 693 692
          671 672 694 671 694 693
          672 673 695 672 695 694
          673 674 696 673 696 695
          674 675 697 674 697 696
          675 676 698 675 698 697
          676 677 699 676 699 698
          677 678 700 677 700 699
          678 679 701 678 701 700
          679 680 702 679 702 701
          680 681 703 680 703 702
          681 682 704 681 704 703
          682 683 705 682 705 704
          684 685 3 684 3 2
          685 686 4 685 4 3
          686 687 5 686 5 4
          687 688 6 687 6 5
          688 689 7 688 7 6
          689 690 8 689 8 7
          690 691 9 690 9 8
          691 692 10 691 10 9
          692 693 11 692 11 10
          693 694 12 693 12 11
          694 695 13 694 13 12
          695 696 14 695 14 13
          696 697 15 696 15 14
          697 698 16 697 16 15
          698 699 17 698 17 16
          699 700 18 699 18 17
          700 701 19 700 19 18
          701 702 20 701 20 19
          702 703 21 702 21 20
          703 704 22 703 22 21
          704 705 23 704 23 22
        </DataArray>
        <DataArray type="Int64" Name="offsets" format="ascii" RangeMin="3" RangeMax="4224">
          3 6 9 12 15 18
          21 24 27 30 33 36
          39 42 45 48 51 54
          57 60 63 66 69 72
          75 78 81 84 87 90
          93 96 99 102 105 108
          111 114 117 120 123 126
          129 132 135 138 141 144
          147 150 153 156 159 162
          165 168 171 174 177 180
          183 186 189 192 195 198
          201 204 207 210 213 216
          219 222 225 228 231 234
          237 240 243 246 249 252
          255 258 261 264 267 270
          273 276 279 282 285 288
          291 294 297 300 303 306
          309 312 315 318 321 324
          327 330 333 336 339 342
          345 348 351 354 357 360
          363 366 369 372 375 378
          381 384 387 390 393 396
          399 402 405 408 411 414
          417 420 423 426 429 432
          435 438 441 444 447 450
          453 456 459 462 465 468
          471 474 477 480 483 486
          489 492 495 498 501 504
          507 510 513 516 519 522
          525 528 531 534 537 540
          543 546 549 552 555 558
          561 564 567 570 573 576
          579 582 585 588 591 594
          597 600 603 606 609 612
          615 618 621 624 627 630
          633 636 639 642 645 648
          651 654 657 660 663 666
          669 672 675 678 681 684
          687 690 693 696 699 702
          705 708 711 714 717 720
          723 726 729 732 735 738
          741 744 747 750 753 756
          759 762 765 768 771 774
          777 780 783 786 789 792
          795 798 801 804 807 810
          813 816 819 822 825 828
          831 834 837 840 843 846
          849 852 855 858 861 864
          867 870 873 876 879 882
          885 888 891 894 897 900
          903 906 909 912 915 918
          921 924 927 930 933 936
          939 942 945 948 951 954
          957 960 963 966 969 972
          975 978 981 984 987 990
          993 996 999 1002 1005 1008
          1011 1014 1017 1020 1023 1026
          1029 1032 1035 1038 1041 1044
          1047 1050 1053 1056 1059 1062
          1065 1068 1071 1074 1077 1080
          1083 1086 1089 1092 1095 1098
          1101 1104 1107 1110 1113 1116
          1119 1122 1125 1128 1131 1134
          1137 1140 1143 1146 1149 1152
          1155 1158 1161 1164 1167 1170
          1173 1176 1179 1182 1185 1188
          1191 1194 1197 1200 1203 1206
          1209 1212 1215 1218 1221 1224
          1227 1230 1233 1236 1239 1242
          1245 1248 1251 1254 1257 1260
          1263 1266 1269 1272 1275 1278
          1281 1284 1287 1290 1293 1296
          1299 1302 1305 1308 1311 1314
          1317 1320 1323 1326 1329 1332
          1335 1338 1341 1344 1347 1350
          1353 1356 1359 1362 1365 1368
          1371 1374 1377 1380 1383 1386
          1389 1392 1395 1398 1401 1404
          1407 1410 1413 1416 1419 1422
          1425 1428 1431 1434 1437 1440
          1443 1446 1449 1452 1455 1458
          1461 1464 1467 1470 1473 1476
          1479 1482 1485 1488 1491 1494
          1497 1500 1503 1506 1509 1512
          1515 1518 1521 1524 1527 1530
          1533 1536 1539 1542 1545 1548
          1551 1554 1557 1560 1563 1566
          1569 1572 1575 1578 1581 1584
          1587 1590 1593 1596 1599 1602
          1605 1608 1611 1614 1617 1620
          1623 1626 1629 1632 1635 1638
          1641 1644 1647 1650 1653 1656
          1659 1662 1665 1668 1671 1674
          1677 1680 1683 1686 1689 1692
          1695 1698 1701 1704 1707 1710
          1713 1716 1719 1722 1725 1728
          1731 1734 1737 1740 1743 1746
          1749 1752 1755 1758 1761 1764
          1767 1770 1773 1776 1779 1782
          1785 1788 1791 1794 1797 1800
          1803 1806 1809 1812 1815 1818
          1821 1824 1827 1830 1833 1836
          1839 1842 1845 1848 1851 1854
          1857 1860 1863 1866 1869 1872
          1875 1878 1881 1884 1887 1890
          1893 1896 1899 1902 1905 1908
          1911 1914 1917 1920 1923 1926
          1929 1932 1935 1938 1941 1944
          1947 1950 1953 1956 1959 1962
          1965 1968 1971 1974 1977 1980
          1983 1986 1989 1992 1995 1998
          2001 2004 2007 2010 2013 2016
          2019 2022 2025 2028 2031 2034
          2037 2040 2043 2046 2049 2052
          2055 2058 2061 2064 2067 2070
          2073 2076 2079 2082 2085 2088
          2091 2094 2097 2100 2103 2106
          2109 2112 2115 2118 2121 2124
          2127 2130 2133 2136 2139 2142
          2145 2148 2151 2154 2157 2160
          2163 2166 2169 2172 2175 2178
          2181 2184 2187 2190 2193 2196
          2199 2202 2205 2208 2211 2214
          2217 2220 2223 2226 2229 2232
          2235 2238 2241 2244 2247 2250
          2253 2256 2259 2262 2265 2268
          2271 2274 2277 2280 2283 2286
          2289 2292 2295 2298 2301 2304
          2307 2310 2313 2316 2319 2322
          2325 2328 2331 2334 2337 2340
          2343 2346 2349 2352 2355 2358
          2361 2364 2367 2370 2373 2376
          2379 2382 2385 2388 2391 2394
          2397 2400 2403 2406 2409 2412
          2415 2418 2421 2424 2427 2430
          2433 2436 2439 2442 2445 2448
          2451 2454 2457 2460 2463 2466
          2469 2472 2475 2478 2481 2484
          2487 2490 2493 2496 2499 2502
          2505 2508 2511 2514 2517 2520
          2523 2526 2529 2532 2535 2538
          2541 2544 2547 2550 2553 2556
          2559 2562 2565 2568 2571 2574
          2577 2580 2583 2586 2589 2592
          2595 2598 2601 2604 2607 2610
          2613 2616 2619 2622 2625 2628
          2631 2634 2637 2640 2643 2646
          2649 2652 2655 2658 2661 2664
          2667 2670 2673 2676 2679 2682
          2685 2688 2691 2694 2697 2700
          2703 2706 2709 2712 2715 2718
          2721 2724 2727 2730 2733 2736
          2739 2742 2745 2748 2751 2754
          2757 2760 2763 2766 2769 2772
          2775 2778 2781 2784 2787 2790
          2793 2796 2799 2802 2805 2808
          2811 2814 2817 2820 2823 2826
          2829 2832 2835 2838 2841 2844
          2847 2850 2853 2856 2859 2862
          2865 2868 2871 2874 2877 2880
          2883 2886 2889 2892 2895 2898
          2901 2904 2907 2910 2913 2916
          2919 2922 2925 2928 2931 2934
          2937 2940 2943 2946 2949 2952
          2955 2958 2961 2964 2967 2970
          2973 2976 2979 2982 2985 2988
          2991 2994 2997 3000 3003 3006
          3009 3012 3015 3018 3021 3024
          3027 3030 3033 3036 3039 3042
          3045 3048 3051 3054 3057 3060
          3063 3066 3069 3072 3075 3078
          3081 3084 3087 3090 3093 3096
          3099 3102 3105 3108 3111 3114
          3117 3120 3123 3126 3129 3132
          3135 3138 3141 3144 3147 3150
          3153 3156 3159 3162 3165 3168
          3171 3174 3177 3180 3183 3186
          3189 3192 3195 3198 3201 3204
          3207 3210 3213 3216 3219 3222
          3225 3228 3231 3234 3237 3240
          3243 3246 3249 3252 3255 3258
          3261 3264 3267 3270 3273 3276
          3279 3282 3285 3288 3291 3294
          3297 3300 3303 3306 3309 3312
          3315 3318 3321 3324 3327 3330
          3333 3336 3339 3342 3345 3348
          3351 3354 3357 3360 3363 3366
          3369 3372 3375 3378 3381 3384
          3387 3390 3393 3396 3399 3402
          3405 3408 3411 3414 3417 3420
          3423 3426 3429 3432 3435 3438
          3441 3444 3447 3450 3453 3456
          3459 3462 3465 3468 3471 3474
          3477 3480 3483 3486 3489 3492
          3495 3498 3501 3504 3507 3510
          3513 3516 3519 3522 3525 3528
          3531 3534 3537 3540 3543 3546
          3549 3552 3555 3558 3561 3564
          3567 3570 3573 3576 3579 3582
          3585 3588 3591 3594 3597 3600
          3603 3606 3609 3612 3615 3618
          3621 3624 3627 3630 3633 3636
          3639 3642 3645 3648 3651 3654
          3657 3660 3663 3666 3669 3672
          3675 3678 3681 3684 3687 3690
          3693 3696 3699 3702 3705 3708
          3711 3714 3717 3720 3723 3726
          3729 3732 3735 3738 3741 3744
          3747 3750 3753 3756 3759 3762
          3765 3768 3771 3774 3777 3780
          3783 3786 3789 3792 3795 3798
          3801 3804 3807 3810 3813 3816
          3819 3822 3825 3828 3831 3834
          3837 3840 3843 3846 3849 3852
          3855 3858 3861 3864 3867 3870
          3873 3876 3879 3882 3885 3888
          3891 3894 3897 3900 3903 3906
          3909 3912 3915 3918 3921 3924
          3927 3930 3933 3936 3939 3942
          3945 3948 3951 3954 3957 3960
          3963 3966 3969 3972 3975 3978
          3981 3984 3987 3990 3993 3996
          3999 4002 4005 4008 4011 4014
          4017 4020 4023 4026 4029 4032
          4035 4038 4041 4044 4047 4050
          4053 4056 4059 4062 4065 4068
          4071 4074 4077 4080 4083 4086
          4089 4092 4095 4098 4101 4104
          4107 4110 4113 4116 4119 4122
          4125 4128 4131 4134 4137 4140
          4143 4146 4149 4152 4155 4158
          4161 4164 4167 4170 4173 4176
          4179 4182 4185 4188 4191 4194
          4197 4200 4203 4206 4209 4212
          4215 4218 4221 4224
        </DataArray>
        <DataArray type="UInt8" Name="types" format="ascii" RangeMin="5" RangeMax="5">
          5 5 5 5 5 5
          5 5 5 5 5 5
          5 5 5 5 5 5
          5 5 5 5 5 5
          5 5 5 5 5 5
          5 5 5 5 5 5
          5 5 5 5 5 5
          5 5 5 5 5 5
          5 5 5 5 5 5
          5 5 5 5 5 5
          5 5 5 5 5 5
          5 5 5 5 5 5
          5 5 5 5 5 5
          5 5 5 5 5 5
          5 5 5 5 5 5
          5 5 5 5 5 5
          5 5 5 5 5 5
          5 5 5 5 5 5
          5 5 5 5 5 5
          5 5 5 5 5 5
          5 5 5 5 5 5
          5 5 5 5 5 5
          5 5 5 5 5 5
          5 5 5 5 5 5
          5 5 5 5 5 5
          5 5 5 5 5 5
          5 5 5 5 5 5
          5 5 5 5 5 5
          5 5 5 5 5 5
          5 5 5 5 5 5
          5 5 5 5 5 5
          5 5 5 5 5 5
          5 5 5 5 5 5
          5 5 5 5 5 5
          5 5 5 5 5 5
          5 5 5 5 5 5
          5 5 5 5 5 5
          5 5 5 5 5 5
          5 5 5 5 5 5
          5 5 5 5 5 5
          5 5 5 5 5 5
          5 5 5 5 5 5
          5 5 5 5 5 5
          5 5 5 5 5 5
          5 5 5 5 5 5
          5 5 5 5 5 5
          5 5 5 5 5 5
          5 5 5 5 5 5
          5 5 5 5 5 5
          5 5 5 5 5 5
          5 5 5 5 5 5
          5 5 5 5 5 5
          5 5 5 5 5 5
          5 5 5 5 5 5
          5 5 5 5 5 5
          5 5 5 5 5 5
          5 5 5 5 5 5
          5 5 5 5 5 5
          5 5 5 5 5 5
          5 5 5 5 5 5
          5 5 5 5 5 5
          5 5 5 5 5 5
          5 5 5 5 5 5
          5 5 5 5 5 5
          5 5 5 5 5 5
          5 5 5 5 5 5
          5 5 5 5 5 5
          5 5 5 5 5 5
          5 5 5 5 5 5
          5 5 5 5 5 5
          5 5 5 5 5 5
          5 5 5 5 5 5
          5 5 5 5 5 5
          5 5 5 5 5 5
          5 5 5 5 5 5
          5 5 5 5 5 5
          5 5 5 5 5 5
          5 5 5 5 5 5
          5 5 5 5 5 5
          5 5 5 5 5 5
          5 5 5 5 5 5
          5 5 5 5 5 5
          5 5 5 5 5 5
          5 5 5 5 5 5
          5 5 5 5 5 5
          5 5 5 5 5 5
          5 5 5 5 5 5
          5 5 5 5 5 5
          5 5 5 5 5 5
          5 5 5 5 5 5
          5 5 5 5 5 5
          5 5 5 5 5 5
          5 5 5 5 5 5
          5 5 5 5 5 5
          5 5 5 5 5 5
          5 5 5 5 5 5
          5 5 5 5 5 5
          5 5 5 5 5 5
          5 5 5 5 5 5
          5 5 5 5 5 5
          5 5 5 5 5 5
          5 5 5 5 5 5
          5 5 5 5 5 5
          5 5 5 5 5 5
          5 5 5 5 5 5
          5 5 5 5 5 5
          5 5 5 5 5 5
          5 5 5 5 5 5
          5 5 5 5 5 5
          5 5 5 5 5 5
          5 5 5 5 5 5
          5 5 5 5 5 5
          5 5 5 5 5 5
          5 5 5 5 5 5
          5 5 5 5 5 5
          5 5 5 5 5 5
          5 5 5 5 5 5
          5 5 5 5 5 5
          5 5 5 5 5 5
          5 5 5 5 5 5
          5 5 5 5 5 5
          5 5 5 5 5 5
          5 5 5 5 5 5
          5 5 5 5 5 5
          5 5 5 5 5 5
          5 5 5 5 5 5
          5 5 5 5 5 5
          5 5 5 5 5 5
          5 5 5 5 5 5
          5 5 5 5 5 5
          5 5 5 5 5 5
          5 5 5 5 5 5
          5 5 5 5 5 5
          5 5 5 5 5 5
          5 5 5 5 5 5
          5 5 5 5 5 5
          5 5 5 5 5 5
          5 5 5 5 5 5
          5 5 5 5 5 5
          5 5 5 5 5 5
          5 5 5 5 5 5
          5 5 5 5 5 5
          5 5 5 5 5 5
          5 5 5 5 5 5
          5 5 5 5 5 5
          5 5 5 5 5 5
          5 5 5 5 5 5
          5 5 5 5 5 5
          5 5 5 5 5 5
          5 5 5 5 5 5
          5 5 5 5 5 5
          5 5 5 5 5 5
          5 5 5 5 5 5
          5 5 5 5 5 5
          5 5 5 5 5 5
          5 5 5 5 5 5
          5 5 5 5 5 5
          5 5 5 5 5 5
          5 5 5 5 5 5
          5 5 5 5 5 5
          5 5 5 5 5 5
          5 5 5 5 5 5
          5 5 5 5 5 5
          5 5 5 5 5 5
          5 5 5 5 5 5
          5 5 5 5 5 5
          5 5 5 5 5 5
          5 5 5 5 5 5
          5 5 5 5 5 5
          5 5 5 5 5 5
          5 5 5 5 5 5
          5 5 5 5 5 5
          5 5 5 5 5 5
          5 5 5 5 5 5
          5 5 5 5 5 5
          5 5 5 5 5 5
          5 5 5 5 5 5
          5 5 5 5 5 5
          5 5 5 5 5 5
          5 5 5 5 5 5
          5 5 5 5 5 5
          5 5 5 5 5 5
          5 5 5 5 5 5
          5 5 5 5 5 5
          5 5 5 5 5 5
          5 5 5 5 5 5
          5 5 5 5 5 5
          5 5 5 5 5 5
          5 5 5 5 5 5
          5 5 5 5 5 5
          5 5 5 5 5 5
          5 5 5 5 5 5
          5 5 5 5 5 5
          5 5 5 5 5 5
          5 5 5 5 5 5
          5 5 5 5 5 5
          5 5 5 5 5 5
          5 5 5 5 5 5
          5 5 5 5 5 5
          5 5 5 5 5 5
          5 5 5 5 5 5
          5 5 5 5 5 5
          5 5 5 5 5 5
          5 5 5 5 5 5
          5 5 5 5 5 5
          5 5 5 5 5 5
          5 5 5 5 5 5
          5 5 5 5 5 5
          5 5 5 5 5 5
          5 5 5 5 5 5
          5 5 5 5 5 5
          5 5 5 5 5 5
          5 5 5 5 5 5
          5 5 5 5 5 5
          5 5 5 5 5 5
          5 5 5 5 5 5
          5 5 5 5 5 5
          5 5 5 5 5 5
          5 5 5 5 5 5
          5 5 5 5 5 5
          5 5 5 5 5 5
          5 5 5 5 5 5
          5 5 5 5 5 5
          5 5 5 5 5 5
          5 5 5 5 5 5
          5 5 5 5 5 5
          5 5 5 5 5 5
          5 5 5 5 5 5
          5 5 5 5 5 5
          5 5 5 5 5 5
          5 5 5 5 5 5
          5 5 5 5 5 5
          5 5 5 5 5 5
          5 5 5 5 5 5
          5 5 5 5
        </DataArray>
      </Cells>
    </Piece>
  </UnstructuredGrid>
</VTKFile>
